"","Variant","WT","KCNQ1-p.R190W","KCNQ1-p.R594Q","KCNQ1-p.R190W & p.R594Q","KCNQ1-p.A341V","KCNH2-p.R366X","KCNH2-p.A561V","KCNH2-p.T983I","KCNH2-p.R823W"
"1","Accuracy","0.215158924205379","0.606571936056838","0.890756302521008","0.910901467505241","0.61513353115727","0.508111615833874","0.929824561403509","0.956810631229236","0.866300366300366"
"2","Kappa","0","0","0","0","0","0","0","0","0"
"3","AccuracyLower","0.195465866538538","0.577346361589112","0.8705227482515","0.891006824790296","0.598463440711443","0.482831006765285","0.911880921751319","0.941429080685341","0.844668478490345"
"4","AccuracyUpper","0.235879271668798","0.635239137821386","0.908811819096049","0.928212560789678","0.631603584585742","0.533361261520985","0.945097355013828","0.969110860719785","0.885935495870034"
"5","AccuracyNull","1","1","1","1","1","1","1","1","1"
"6","AccuracyPValue","1","1","1","1","1","1","1","1","1"
"7","McnemarPValue","9.21989115941544e-281","6.55114108900717e-98","7.83590041977363e-27","8.15664887908352e-20","1.37919564001145e-283","1.98840834091074e-166","4.47571077249897e-16","1.16585980937805e-09","3.54073427467584e-33"
"8","Sensitivity",NA,NA,"0.890756302521008","0.910901467505241","0.61513353115727",NA,"0.929824561403509","0.956810631229236","0.866300366300366"
"9","Specificity","0.215158924205379","0.606571936056838",NA,NA,NA,"0.508111615833874",NA,NA,NA
"10","Pos Pred Value",NA,NA,NA,NA,NA,NA,NA,NA,NA
"11","Neg Pred Value",NA,NA,NA,NA,NA,NA,NA,NA,NA
"12","Precision","0","0","1","1","1","0","1","1","1"
"13","Recall",NA,NA,"0.890756302521008","0.910901467505241","0.61513353115727",NA,"0.929824561403509","0.956810631229236","0.866300366300366"
"14","F1",NA,NA,"0.942222222222222","0.953373560065826","0.761712291015984",NA,"0.963636363636364","0.977928692699491","0.928361138370952"
"15","Prevalence","0","0","1","1","1","0","1","1","1"
"16","Detection Rate","0","0","0.890756302521008","0.910901467505241","0.61513353115727","0","0.929824561403509","0.956810631229236","0.866300366300366"
"17","Detection Prevalence","0.784841075794621","0.393428063943162","0.890756302521008","0.910901467505241","0.61513353115727","0.491888384166126","0.929824561403509","0.956810631229236","0.866300366300366"
"18","Balanced Accuracy",NA,NA,NA,NA,NA,NA,NA,NA,NA
