"","Channel Label","Well Label","Plate","Date","Cell Line","Diff Name","Experiment","Drug","Dose Label","Channel ID","Well ID","Compound ID","Compound Name","Dose [pM]","T Detection Timestamp [µs]","Manually Changed","Mean Slope [V/s]","Mean RR Interval [µs]","RR Interval CV","Mean Peak-to-Peak Amplitude [pV]","Active Channel","Max-Min difference [pV]","Mean Conduction Velocity [cm/s]","Differentiation Method","Culture Age","Dissociation Enzyme","Timepoint.x","Project","Expanded","Medium","MEA Type","Date of plating","Timepoint.y","FourScore","cFPD","FPD","RR","norm_cFPD","norm_FPD","norm_RR","norm_cond_vel","norm_PtPA","Variant","Disease"
"1",12,"D6",7541,20251014,"WTC-11","2024_DIFF19_CA","20251014_ETOH_20251014_Plate_7541_CARIPLO_001_10min","ETOH","1 µM",164,23,"ETOH","ETOH",1e+06,404425,TRUE,-26.324,1903448.387,0.025,4735093135.238,TRUE,NA,NA,"Stanford_Expanded","D11+15","Tryple",10,"CARIPLO","Yes","RBK1","MWMEA24",20250924,10,3,293.134841887832,404.425,1.903448387,1.04420153291208,0.953891040488332,0.834504891085998,NA,1.07179836226044,"WT","Healthy"
"2",12,"D6",7541,20251014,"WTC-11","2024_DIFF19_CA","20251014_ETOH_20251014_Plate_7541_CARIPLO_001_10min","ETOH","Control",164,23,"ETOH","ETOH",0,423974,TRUE,-23.892,2280931.373,0.011,4417895475.462,TRUE,NA,NA,"Stanford_Expanded","D11+15","Tryple",10,"CARIPLO","Yes","RBK1","MWMEA24",20250924,10,3,280.726308713927,423.974,2.280931373,1.00308514917075,1.00308514917075,1,NA,1,"WT","Healthy"
"3",12,"D6",7541,20251014,"WTC-11","2024_DIFF19_CA","20251014_ETOH_20251014_Plate_7541_CARIPLO_001_1min","ETOH","1 µM",164,23,"ETOH","ETOH",1e+06,435703,TRUE,-21.125,3164364.865,0.071,4033749324.316,TRUE,NA,NA,"Stanford_Expanded","D11+15","Tryple",1,"CARIPLO","Yes","RBK1","MWMEA24",20250924,1,3,244.932983924454,435.703,3.164364865,0.872497433698141,1.02766443225292,1.38731261381094,NA,0.913047704890341,"WT","Healthy"
"4",12,"D6",7541,20251014,"WTC-11","2024_DIFF19_CA","20251014_ETOH_20251014_Plate_7541_CARIPLO_001_1min","ETOH","Control",164,23,"ETOH","ETOH",0,422670,TRUE,-23.892,2280931.373,0.011,4417895475.462,TRUE,NA,NA,"Stanford_Expanded","D11+15","Tryple",1,"CARIPLO","Yes","RBK1","MWMEA24",20250924,1,3,279.862889951072,422.67,2.280931373,1,1,1,NA,1,"WT","Healthy"
"5",13,"B5",7541,20251014,"WTC-11","2024_DIFF19_CA","20251014_NIFE_20251014_Plate_7541_CARIPLO_001_10min","NIFE","1 µM",110,10,"NIFE","Nifedipine",1e+06,262374,TRUE,-7.051,1079798.182,0.027,1447331176.649,TRUE,NA,42.475,"Stanford_Expanded","D11+15","Tryple",10,"CARIPLO","Yes","RBK1","MWMEA24",20250924,10,3,252.493091821164,262.374,1.079798182,0.988175642939244,0.675177560473495,0.466839623587762,0.99046264341013,0.881476590479754,"WT","Healthy"
"6",13,"B5",7541,20251014,"WTC-11","2024_DIFF19_CA","20251014_NIFE_20251014_Plate_7541_CARIPLO_001_10min","NIFE","Control",110,10,"NIFE","Nifedipine",0,388600,FALSE,-8.547,2312996,0.015,1641939436.941,TRUE,NA,42.884,"Stanford_Expanded","D11+15","Tryple",10,"CARIPLO","Yes","RBK1","MWMEA24",20250924,10,3,255.514385145281,388.6,2.312996,1,1,1,1,1,"WT","Healthy"
"7",13,"B5",7541,20251014,"WTC-11","2024_DIFF19_CA","20251014_NIFE_20251014_Plate_7541_CARIPLO_001_1min","NIFE","1 µM",110,10,"NIFE","Nifedipine",1e+06,274700,FALSE,-7.556,1523551.948,0.183,1565101700,TRUE,NA,41.075,"Stanford_Expanded","D11+15","Tryple",1,"CARIPLO","Yes","RBK1","MWMEA24",20250924,1,2,222.551243903894,274.7,1.523551948,0.870993011909506,0.706896551724138,0.658691994279281,0.957816435034045,0.953203062663412,"WT","Healthy"
"8",13,"B5",7541,20251014,"WTC-11","2024_DIFF19_CA","20251014_NIFE_20251014_Plate_7541_CARIPLO_001_1min","NIFE","Control",110,10,"NIFE","Nifedipine",0,388600,FALSE,-8.547,2312996,0.015,1641939436.941,TRUE,NA,42.884,"Stanford_Expanded","D11+15","Tryple",1,"CARIPLO","Yes","RBK1","MWMEA24",20250924,1,3,255.514385145281,388.6,2.312996,1,1,1,1,1,"WT","Healthy"
"9",21,"D2",7541,20251014,"WTC-11","2024_DIFF19_CA","20251014_RBK_20251014_Plate_7541_CARIPLO_001_10min","RBK","1 pM",262,19,"RBK","RBK",0,404600,FALSE,-17.928,1838453.125,0.013,3281555990.031,TRUE,NA,44.566,"Stanford_Expanded","D11+15","Tryple",10,"CARIPLO","Yes","RBK1","MWMEA24",20250924,10,3,298.400535285686,404.6,1.838453125,1.02969340153936,0.939837398373984,0.833085519757114,0.953609791586425,1.07579205217533,"WT","Healthy"
"10",21,"D2",7541,20251014,"WTC-11","2024_DIFF19_CA","20251014_RBK_20251014_Plate_7541_CARIPLO_001_10min","RBK","Control",262,19,"RBK","RBK",0,430500,FALSE,-16.03,2206800,0.01,3050362738.222,TRUE,NA,46.734,"Stanford_Expanded","D11+15","Tryple",10,"CARIPLO","Yes","RBK1","MWMEA24",20250924,10,3,289.795520530274,430.5,2.2068,1,1,1,1,1,"WT","Healthy"
"11",21,"D2",7541,20251014,"WTC-11","2024_DIFF19_CA","20251014_RBK_20251014_Plate_7541_CARIPLO_001_1min","RBK","1 pM",262,19,"RBK","RBK",0,434200,FALSE,-18.558,2378002,0.011,3374993521.882,TRUE,NA,44.73,"Stanford_Expanded","D11+15","Tryple",1,"CARIPLO","Yes","RBK1","MWMEA24",20250924,1,3,281.568269270781,434.2,2.378002,0.971610150341732,1.00859465737515,1.07757930034439,0.957119013994094,1.10642366548485,"WT","Healthy"
"12",21,"D2",7541,20251014,"WTC-11","2024_DIFF19_CA","20251014_RBK_20251014_Plate_7541_CARIPLO_001_1min","RBK","Control",262,19,"RBK","RBK",0,430500,FALSE,-16.03,2206800,0.01,3050362738.222,TRUE,NA,46.734,"Stanford_Expanded","D11+15","Tryple",1,"CARIPLO","Yes","RBK1","MWMEA24",20250924,1,3,289.795520530274,430.5,2.2068,1,1,1,1,1,"WT","Healthy"
"13",21,"D3",7541,20251014,"WTC-11","2024_DIFF19_CA","20251014_Dofetilide_20251014_Plate_7541_CARIPLO_001_10min","Dofetilide","30 nM",238,20,"Dofetilide","Dofetilide",30000,500864,TRUE,-15.1,1912051.613,0.02,3211507986.476,TRUE,NA,41.055,"Stanford_Expanded","D11+15","Tryple",10,"CARIPLO","Yes","RBK1","MWMEA24",20250924,10,3,362.217986372326,500.864,1.912051613,1.13307365772537,1.03849056603774,0.840018450770811,0.987041400201952,0.952124228706828,"WT","Healthy"
"14",21,"D3",7541,20251014,"WTC-11","2024_DIFF19_CA","20251014_Dofetilide_20251014_Plate_7541_CARIPLO_001_10min","Dofetilide","Control",238,20,"Dofetilide","Dofetilide",0,482300,FALSE,-16.261,2276201.923,0.023,3372992609.208,TRUE,NA,41.594,"Stanford_Expanded","D11+15","Tryple",10,"CARIPLO","Yes","RBK1","MWMEA24",20250924,10,3,319.677351867375,482.3,2.276201923,1,1,1,1,1,"WT","Healthy"
"15",21,"D3",7541,20251014,"WTC-11","2024_DIFF19_CA","20251014_Dofetilide_20251014_Plate_7541_CARIPLO_001_1min","Dofetilide","30 nM",238,20,"Dofetilide","Dofetilide",30000,513895,TRUE,-15.856,2513852.174,0.019,3412644774.383,TRUE,NA,40.871,"Stanford_Expanded","D11+15","Tryple",1,"CARIPLO","Yes","RBK1","MWMEA24",20250924,1,3,324.11902542975,513.895,2.513852174,1.01389423910211,1.0655090192826,1.10440648898441,0.982617685243064,1.01175578181427,"WT","Healthy"
"16",21,"D3",7541,20251014,"WTC-11","2024_DIFF19_CA","20251014_Dofetilide_20251014_Plate_7541_CARIPLO_001_1min","Dofetilide","Control",238,20,"Dofetilide","Dofetilide",0,482300,FALSE,-16.261,2276201.923,0.023,3372992609.208,TRUE,NA,41.594,"Stanford_Expanded","D11+15","Tryple",1,"CARIPLO","Yes","RBK1","MWMEA24",20250924,1,3,319.677351867375,482.3,2.276201923,1,1,1,1,1,"WT","Healthy"
"17",21,"D4",7541,20251014,"WTC-11","2024_DIFF19_CA","20251014_DMSO_20251014_Plate_7541_CARIPLO_001_10min","DMSO","30 nM",214,21,"DMSO","DMSO",30000,426400,FALSE,-26.956,1746486.765,0.012,4635470458.435,TRUE,NA,43.423,"Stanford_Expanded","D11+15","Tryple",10,"CARIPLO","Yes","RBK1","MWMEA24",20250924,10,3,322.652137517628,426.4,1.746486765,1.1052390398597,0.984302862419206,0.793131251026574,0.978127674911024,1.08796209106482,"WT","Healthy"
"18",21,"D4",7541,20251014,"WTC-11","2024_DIFF19_CA","20251014_DMSO_20251014_Plate_7541_CARIPLO_001_10min","DMSO","Control",214,21,"DMSO","DMSO",0,433200,FALSE,-23.858,2202014.815,0.074,4260691155.055,TRUE,NA,44.394,"Stanford_Expanded","D11+15","Tryple",10,"CARIPLO","Yes","RBK1","MWMEA24",20250924,10,3,291.929732737803,433.2,2.202014815,1,1,1,1,1,"WT","Healthy"
"19",21,"D4",7541,20251014,"WTC-11","2024_DIFF19_CA","20251014_DMSO_20251014_Plate_7541_CARIPLO_001_1min","DMSO","30 nM",214,21,"DMSO","DMSO",30000,434900,FALSE,-19.67,2246175.472,0.035,3664452816.222,FALSE,NA,43.438,"Stanford_Expanded","D11+15","Tryple",1,"CARIPLO","Yes","RBK1","MWMEA24",20250924,1,3,290.180060839225,434.9,2.246175472,0.994006530673771,1.0039242843952,1.02005465935069,0.978465558408794,0.860060652806152,"WT","Healthy"
"20",21,"D4",7541,20251014,"WTC-11","2024_DIFF19_CA","20251014_DMSO_20251014_Plate_7541_CARIPLO_001_1min","DMSO","Control",214,21,"DMSO","DMSO",0,433200,FALSE,-23.858,2202014.815,0.074,4260691155.055,TRUE,NA,44.394,"Stanford_Expanded","D11+15","Tryple",1,"CARIPLO","Yes","RBK1","MWMEA24",20250924,1,3,291.929732737803,433.2,2.202014815,1,1,1,1,1,"WT","Healthy"
"21",22,"C4",7541,20251014,"WTC-11","2024_DIFF19_CA","20251014_DMSO_20251014_Plate_7541_CARIPLO_001_10min","DMSO","30 nM",203,15,"DMSO","DMSO",30000,409638,TRUE,-21.482,1929461.29,0.011,4615398842.286,TRUE,NA,42.667,"Stanford_Expanded","D11+15","Tryple",10,"CARIPLO","Yes","RBK1","MWMEA24",20250924,10,3,294.905044967454,409.638,1.92946129,1.05778920795584,0.934587243246203,0.780623163295566,1.00395303418904,0.967007075986485,"WT","Healthy"
"22",22,"C4",7541,20251014,"WTC-11","2024_DIFF19_CA","20251014_DMSO_20251014_Plate_7541_CARIPLO_001_10min","DMSO","Control",203,15,"DMSO","DMSO",0,438309,TRUE,-22.53,2471693.617,0.024,4772869772,TRUE,NA,42.499,"Stanford_Expanded","D11+15","Tryple",10,"CARIPLO","Yes","RBK1","MWMEA24",20250924,10,3,278.793773607649,438.309,2.471693617,0.991425016964488,0.991425016964488,1,1,1,"WT","Healthy"
"23",22,"C4",7541,20251014,"WTC-11","2024_DIFF19_CA","20251014_DMSO_20251014_Plate_7541_CARIPLO_001_1min","DMSO","30 nM",203,15,"DMSO","DMSO",30000,441400,FALSE,-20.628,2931172.5,0.125,4558016735.415,FALSE,NA,42.311,"Stanford_Expanded","D11+15","Tryple",1,"CARIPLO","Yes","RBK1","MWMEA24",20250924,1,3,257.817053132286,441.4,2.9311725,0.924759006616541,1.00705210251215,1.18589637479328,0.995576366502741,0.95498451731379,"WT","Healthy"
"24",22,"C4",7541,20251014,"WTC-11","2024_DIFF19_CA","20251014_DMSO_20251014_Plate_7541_CARIPLO_001_1min","DMSO","Control",203,15,"DMSO","DMSO",0,442100,FALSE,-22.53,2471693.617,0.024,4772869772,TRUE,NA,42.499,"Stanford_Expanded","D11+15","Tryple",1,"CARIPLO","Yes","RBK1","MWMEA24",20250924,1,3,281.205102591874,442.1,2.471693617,1,1,1,1,1,"WT","Healthy"
"25",23,"A1",7541,20251014,"WTC-11","2024_DIFF19_CA","20251014_No_drop_20251014_Plate_7541_CARIPLO_001_10min","No drop","1 pM",1,0,"No drop",NA,0,478709,TRUE,-33.365,1951111.475,0.017,6635350889.226,TRUE,NA,44.61,"Stanford_Expanded","D11+15","Tryple",10,"CARIPLO","Yes","RBK1","MWMEA24",20250924,10,3,342.712978148488,478.709,1.951111475,1.10904043596034,1.01379944217725,0.835620977385131,0.99716118648993,1.0696204894478,"WT","Healthy"
"26",23,"A1",7541,20251014,"WTC-11","2024_DIFF19_CA","20251014_No_drop_20251014_Plate_7541_CARIPLO_001_10min","No drop","Control",1,0,"No drop",NA,0,472193,TRUE,-29.918,2334924,0.01,6203462774.588,TRUE,NA,44.737,"Stanford_Expanded","D11+15","Tryple",10,"CARIPLO","Yes","RBK1","MWMEA24",20250924,10,3,309.017567832617,472.193,2.334924,0.99724812881207,0.99724812881207,1,1,1,"WT","Healthy"
"27",23,"A1",7541,20251014,"WTC-11","2024_DIFF19_CA","20251014_No_drop_20251014_Plate_7541_CARIPLO_001_1min","No drop","1 pM",1,0,"No drop",NA,0,496954,TRUE,-27.753,2428136.735,0.056,5907992586.96,TRUE,NA,44.374,"Stanford_Expanded","D11+15","Tryple",1,"CARIPLO","Yes","RBK1","MWMEA24",20250924,1,3,318.91843254143,496.954,2.428136735,1.03203981177593,1.05243830382915,1.03992110021568,0.991885910990902,0.952370119985507,"WT","Healthy"
"28",23,"A1",7541,20251014,"WTC-11","2024_DIFF19_CA","20251014_No_drop_20251014_Plate_7541_CARIPLO_001_1min","No drop","Control",1,0,"No drop",NA,0,473496,TRUE,-29.918,2334924,0.01,6203462774.588,TRUE,NA,44.737,"Stanford_Expanded","D11+15","Tryple",1,"CARIPLO","Yes","RBK1","MWMEA24",20250924,1,3,309.870290958301,473.496,2.334924,1,1,1,1,1,"WT","Healthy"
"29",23,"C6",7541,20251014,"WTC-11","2024_DIFF19_CA","20251014_ETOH_20251014_Plate_7541_CARIPLO_001_10min","ETOH","1 µM",150,17,"ETOH","ETOH",1e+06,410941,TRUE,-19.329,1833876.563,0.023,3554814654.462,TRUE,NA,NA,"Stanford_Expanded","D11+15","Tryple",10,"CARIPLO","Yes","RBK1","MWMEA24",20250924,10,3,303.455087749938,410.941,1.833876563,1.05480163095851,0.948845059755805,0.809187222133226,NA,0.955581380963633,"WT","Healthy"
"30",23,"C6",7541,20251014,"WTC-11","2024_DIFF19_CA","20251014_ETOH_20251014_Plate_7541_CARIPLO_001_10min","ETOH","Control",150,17,"ETOH","ETOH",0,433096,TRUE,-20.31,2266319.231,0.023,3720054330.566,TRUE,NA,NA,"Stanford_Expanded","D11+15","Tryple",10,"CARIPLO","Yes","RBK1","MWMEA24",20250924,10,3,287.689247763283,433.096,2.266319231,1.00910791799379,1.00910791799379,1,NA,1,"WT","Healthy"
"31",23,"C6",7541,20251014,"WTC-11","2024_DIFF19_CA","20251014_ETOH_20251014_Plate_7541_CARIPLO_001_1min","ETOH","1 µM",150,17,"ETOH","ETOH",1e+06,435703,TRUE,-18.039,2953874.359,0.073,3366079276.2,TRUE,NA,NA,"Stanford_Expanded","D11+15","Tryple",1,"CARIPLO","Yes","RBK1","MWMEA24",20250924,1,3,253.50967632706,435.703,2.953874359,0.881192739381258,1.00601945065297,1.303379646872,NA,0.904846805204551,"WT","Healthy"
"32",23,"C6",7541,20251014,"WTC-11","2024_DIFF19_CA","20251014_ETOH_20251014_Plate_7541_CARIPLO_001_1min","ETOH","Control",150,17,"ETOH","ETOH",0,429187,TRUE,-20.31,2266319.231,0.023,3720054330.566,TRUE,NA,NA,"Stanford_Expanded","D11+15","Tryple",1,"CARIPLO","Yes","RBK1","MWMEA24",20250924,1,3,285.092647310942,429.187,2.266319231,1,1,1,NA,1,"WT","Healthy"
"33",23,"D5",7541,20251014,"WTC-11","2024_DIFF19_CA","20251014_NIFE_20251014_Plate_7541_CARIPLO_001_10min","NIFE","1 µM",186,22,"NIFE","Nifedipine",1e+06,291045,TRUE,-41.639,1150157.282,0.047,6865266663.692,TRUE,NA,NA,"Stanford_Expanded","D11+15","Tryple",10,"CARIPLO","Yes","RBK1","MWMEA24",20250924,10,3,271.382304482872,291.045,1.150157282,0.925417532904489,0.672010362598592,0.527322731938403,NA,1.04172782599343,"WT","Healthy"
"34",23,"D5",7541,20251014,"WTC-11","2024_DIFF19_CA","20251014_NIFE_20251014_Plate_7541_CARIPLO_001_10min","NIFE","Control",186,22,"NIFE","Nifedipine",0,433096,TRUE,-39.578,2181125.926,0.021,6590269062.982,TRUE,NA,NA,"Stanford_Expanded","D11+15","Tryple",10,"CARIPLO","Yes","RBK1","MWMEA24",20250924,10,3,293.253904138945,433.096,2.181125926,1.01838566393198,1.01838566393198,1,NA,1,"WT","Healthy"
"35",23,"D5",7541,20251014,"WTC-11","2024_DIFF19_CA","20251014_NIFE_20251014_Plate_7541_CARIPLO_001_1min","NIFE","1 µM",186,22,"NIFE","Nifedipine",1e+06,333800,FALSE,-36.548,1648479.167,0.12,6337605955.233,TRUE,NA,NA,"Stanford_Expanded","D11+15","Tryple",1,"CARIPLO","Yes","RBK1","MWMEA24",20250924,1,2,259.982790457688,333.8,1.648479167,0.886545027323852,0.770729815098731,0.755792752426345,NA,0.961661184796198,"WT","Healthy"
"36",23,"D5",7541,20251014,"WTC-11","2024_DIFF19_CA","20251014_NIFE_20251014_Plate_7541_CARIPLO_001_1min","NIFE","Control",186,22,"NIFE","Nifedipine",0,425277,TRUE,-39.578,2181125.926,0.021,6590269062.982,TRUE,NA,NA,"Stanford_Expanded","D11+15","Tryple",1,"CARIPLO","Yes","RBK1","MWMEA24",20250924,1,3,287.959576145931,425.277,2.181125926,1,1,1,NA,1,"WT","Healthy"
"37",24,"A2",7541,20251014,"WTC-11","2024_DIFF19_CA","20251014_RBK_20251014_Plate_7541_CARIPLO_001_10min","RBK","1 pM",24,1,"RBK","RBK",0,412700,FALSE,-20.049,1922198.361,0.017,3956570239.935,TRUE,NA,48.378,"Stanford_Expanded","D11+15","Tryple",10,"CARIPLO","Yes","RBK1","MWMEA24",20250924,10,3,297.670205700646,412.7,1.922198361,1.03604791587383,0.953337953337953,0.84670881904678,0.8486921740961,1.561673872623,"WT","Healthy"
"38",24,"A2",7541,20251014,"WTC-11","2024_DIFF19_CA","20251014_RBK_20251014_Plate_7541_CARIPLO_001_10min","RBK","Control",24,1,"RBK","RBK",0,432900,FALSE,-13.233,2270200,0.011,2533544493.057,TRUE,NA,57.003,"Stanford_Expanded","D11+15","Tryple",10,"CARIPLO","Yes","RBK1","MWMEA24",20250924,10,3,287.313164902787,432.9,2.2702,1,1,1,1,1,"WT","Healthy"
"39",24,"A2",7541,20251014,"WTC-11","2024_DIFF19_CA","20251014_RBK_20251014_Plate_7541_CARIPLO_001_1min","RBK","1 pM",24,1,"RBK","RBK",0,443522,TRUE,-18.331,2944250,0.093,3576834586.244,TRUE,NA,47.804,"Stanford_Expanded","D11+15","Tryple",1,"CARIPLO","Yes","RBK1","MWMEA24",20250924,1,3,258.480523821837,443.522,2.94425,0.899647337459438,1.02453684453684,1.29691216632896,0.838622528638844,1.41179071298967,"WT","Healthy"
"40",24,"A2",7541,20251014,"WTC-11","2024_DIFF19_CA","20251014_RBK_20251014_Plate_7541_CARIPLO_001_1min","RBK","Control",24,1,"RBK","RBK",0,432900,FALSE,-13.233,2270200,0.011,2533544493.057,TRUE,NA,57.003,"Stanford_Expanded","D11+15","Tryple",1,"CARIPLO","Yes","RBK1","MWMEA24",20250924,1,3,287.313164902787,432.9,2.2702,1,1,1,1,1,"WT","Healthy"
"41",24,"A4",7541,20251014,"WTC-11","2024_DIFF19_CA","20251014_DMSO_20251014_Plate_7541_CARIPLO_001_10min","DMSO","30 nM",72,3,"DMSO","DMSO",30000,423200,FALSE,-17.134,1916931.148,0.018,3372457769.419,TRUE,NA,45.971,"Stanford_Expanded","D11+15","Tryple",10,"CARIPLO","Yes","RBK1","MWMEA24",20250924,10,3,305.662669647101,423.2,1.916931148,1.08447371014057,0.989055419355291,0.831769894577289,0.955301109679564,0.902497069810346,"WT","Healthy"
"42",24,"A4",7541,20251014,"WTC-11","2024_DIFF19_CA","20251014_DMSO_20251014_Plate_7541_CARIPLO_001_10min","DMSO","Control",72,3,"DMSO","DMSO",0,427883,TRUE,-18.739,2304641.176,0.018,3736807444.846,TRUE,NA,48.122,"Stanford_Expanded","D11+15","Tryple",10,"CARIPLO","Yes","RBK1","MWMEA24",20250924,10,3,281.85346199631,427.883,2.304641176,0.986360073766713,0.986360073766713,1,1,1,"WT","Healthy"
"43",24,"A4",7541,20251014,"WTC-11","2024_DIFF19_CA","20251014_DMSO_20251014_Plate_7541_CARIPLO_001_1min","DMSO","30 nM",72,3,"DMSO","DMSO",30000,443900,FALSE,-16.708,2594824.444,0.047,3478365049.043,FALSE,NA,44.978,"Stanford_Expanded","D11+15","Tryple",1,"CARIPLO","Yes","RBK1","MWMEA24",20250924,1,3,275.569504164695,443.9,2.594824444,0.97770487618954,1.03743313008463,1.12591255897964,0.934666057104859,0.930838717376391,"WT","Healthy"
"44",24,"A4",7541,20251014,"WTC-11","2024_DIFF19_CA","20251014_DMSO_20251014_Plate_7541_CARIPLO_001_1min","DMSO","Control",72,3,"DMSO","DMSO",0,433800,FALSE,-18.739,2304641.176,0.018,3736807444.846,TRUE,NA,48.122,"Stanford_Expanded","D11+15","Tryple",1,"CARIPLO","Yes","RBK1","MWMEA24",20250924,1,3,285.751085726703,433.8,2.304641176,1,1,1,1,1,"WT","Healthy"
"45",24,"C2",7541,20251014,"WTC-11","2024_DIFF19_CA","20251014_RBK_20251014_Plate_7541_CARIPLO_001_10min","RBK","1 pM",247,13,"RBK","RBK",0,393999,TRUE,-19.657,2001994.915,0.016,3968212791.8,TRUE,NA,41.428,"Stanford_Expanded","D11+15","Tryple",10,"CARIPLO","Yes","RBK1","MWMEA24",20250924,10,3,278.460523025679,393.999,2.001994915,1.03567040132481,0.952608800773694,0.846030557967749,0.993667849947232,1.01459778558047,"WT","Healthy"
"46",24,"C2",7541,20251014,"WTC-11","2024_DIFF19_CA","20251014_RBK_20251014_Plate_7541_CARIPLO_001_10min","RBK","Control",247,13,"RBK","RBK",0,413600,FALSE,-19.128,2366338.776,0.013,3911119113.6,TRUE,NA,41.692,"Stanford_Expanded","D11+15","Tryple",10,"CARIPLO","Yes","RBK1","MWMEA24",20250924,10,3,268.869828344498,413.6,2.366338776,1,1,1,1,1,"WT","Healthy"
"47",24,"C2",7541,20251014,"WTC-11","2024_DIFF19_CA","20251014_RBK_20251014_Plate_7541_CARIPLO_001_1min","RBK","1 pM",247,13,"RBK","RBK",0,422670,TRUE,-18.765,3549130.303,0.291,3850847899.412,TRUE,NA,40.808,"Stanford_Expanded","D11+15","Tryple",1,"CARIPLO","Yes","RBK1","MWMEA24",20250924,1,2,224.357427478663,422.67,3.549130303,0.834446277814402,1.02192940038685,1.49984031829938,0.978796891489974,0.984589777903102,"WT","Healthy"
"48",24,"C2",7541,20251014,"WTC-11","2024_DIFF19_CA","20251014_RBK_20251014_Plate_7541_CARIPLO_001_1min","RBK","Control",247,13,"RBK","RBK",0,413600,FALSE,-19.128,2366338.776,0.013,3911119113.6,TRUE,NA,41.692,"Stanford_Expanded","D11+15","Tryple",1,"CARIPLO","Yes","RBK1","MWMEA24",20250924,1,3,268.869828344498,413.6,2.366338776,1,1,1,1,1,"WT","Healthy"
"49",24,"C5",7541,20251014,"WTC-11","2024_DIFF19_CA","20251014_NIFE_20251014_Plate_7541_CARIPLO_001_10min","NIFE","1 µM",175,16,"NIFE","Nifedipine",1e+06,271900,FALSE,-5.788,1261311.702,0.044,1332149400,TRUE,NA,31.906,"Stanford_Expanded","D11+15","Tryple",10,"CARIPLO","Yes","RBK1","MWMEA24",20250924,10,3,242.101787018299,271.9,1.261311702,0.932007256102105,0.67975,0.531936566144637,0.762517027937767,0.475546889561629,"WT","Healthy"
"50",24,"C5",7541,20251014,"WTC-11","2024_DIFF19_CA","20251014_NIFE_20251014_Plate_7541_CARIPLO_001_10min","NIFE","Control",175,16,"NIFE","Nifedipine",0,4e+05,FALSE,-14.691,2371169.388,0.025,2801299786.08,TRUE,NA,41.843,"Stanford_Expanded","D11+15","Tryple",10,"CARIPLO","Yes","RBK1","MWMEA24",20250924,10,3,259.76384350357,400,2.371169388,1,1,1,1,1,"WT","Healthy"
"51",24,"C5",7541,20251014,"WTC-11","2024_DIFF19_CA","20251014_NIFE_20251014_Plate_7541_CARIPLO_001_1min","NIFE","1 µM",175,16,"NIFE","Nifedipine",1e+06,345300,FALSE,-6.563,2709743.182,0.126,1506758655.733,TRUE,NA,33.025,"Stanford_Expanded","D11+15","Tryple",1,"CARIPLO","Yes","RBK1","MWMEA24",20250924,1,3,209.764751657932,345.3,2.709743182,0.807520973006581,0.86325,1.14278768767573,0.789259852305045,0.53787840316851,"WT","Healthy"
"52",24,"C5",7541,20251014,"WTC-11","2024_DIFF19_CA","20251014_NIFE_20251014_Plate_7541_CARIPLO_001_1min","NIFE","Control",175,16,"NIFE","Nifedipine",0,4e+05,FALSE,-14.691,2371169.388,0.025,2801299786.08,TRUE,NA,41.843,"Stanford_Expanded","D11+15","Tryple",1,"CARIPLO","Yes","RBK1","MWMEA24",20250924,1,3,259.76384350357,400,2.371169388,1,1,1,1,1,"WT","Healthy"
"53",31,"B4",7541,20251014,"WTC-11","2024_DIFF19_CA","20251014_DMSO_20251014_Plate_7541_CARIPLO_001_10min","DMSO","30 nM",90,9,"DMSO","DMSO",30000,362400,FALSE,-15.378,1964906.667,0.029,2966947392.59,TRUE,NA,49.649,"Stanford_Expanded","D11+15","Tryple",10,"CARIPLO","Yes","RBK1","MWMEA24",20250924,10,3,258.533738255489,362.4,1.964906667,1.02504536392304,0.919097134161806,0.803964092698399,1.18934004072344,1.11480136967357,"WT","Healthy"
"54",31,"B4",7541,20251014,"WTC-11","2024_DIFF19_CA","20251014_DMSO_20251014_Plate_7541_CARIPLO_001_10min","DMSO","Control",90,9,"DMSO","DMSO",0,394300,FALSE,-12.724,2444022.917,0.031,2661413479.837,TRUE,NA,41.745,"Stanford_Expanded","D11+15","Tryple",10,"CARIPLO","Yes","RBK1","MWMEA24",20250924,10,3,252.216874837648,394.3,2.444022917,1,1,1,1,1,"WT","Healthy"
"55",31,"B4",7541,20251014,"WTC-11","2024_DIFF19_CA","20251014_DMSO_20251014_Plate_7541_CARIPLO_001_1min","DMSO","30 nM",90,9,"DMSO","DMSO",30000,394800,FALSE,-13.909,2623884.444,0.015,2739897403.826,FALSE,NA,39.581,"Stanford_Expanded","D11+15","Tryple",1,"CARIPLO","Yes","RBK1","MWMEA24",20250924,1,3,243.727644684755,394.8,2.623884444,0.96634154570999,1.00126806999746,1.07359240608954,0.948161456461852,1.02948956431746,"WT","Healthy"
"56",31,"B4",7541,20251014,"WTC-11","2024_DIFF19_CA","20251014_DMSO_20251014_Plate_7541_CARIPLO_001_1min","DMSO","Control",90,9,"DMSO","DMSO",0,394300,FALSE,-12.724,2444022.917,0.031,2661413479.837,TRUE,NA,41.745,"Stanford_Expanded","D11+15","Tryple",1,"CARIPLO","Yes","RBK1","MWMEA24",20250924,1,3,252.216874837648,394.3,2.444022917,1,1,1,1,1,"WT","Healthy"
"57",31,"D1",7541,20251014,"WTC-11","2024_DIFF19_CA","20251014_No_drop_20251014_Plate_7541_CARIPLO_001_10min","No drop","1 pM",277,18,"No drop",NA,0,436900,FALSE,-17.648,2013408.475,0.036,3459025753.8,TRUE,NA,45.84,"Stanford_Expanded","D11+15","Tryple",10,"CARIPLO","Yes","RBK1","MWMEA24",20250924,10,3,307.904544245244,436.9,2.013408475,1.03726033049347,0.929970200085143,0.803826883593342,1.01613761305196,0.891411192346475,"WT","Healthy"
"58",31,"D1",7541,20251014,"WTC-11","2024_DIFF19_CA","20251014_No_drop_20251014_Plate_7541_CARIPLO_001_10min","No drop","Control",277,18,"No drop",NA,0,469800,FALSE,-20.144,2504778.723,0.026,3880393003.25,TRUE,NA,45.112,"Stanford_Expanded","D11+15","Tryple",10,"CARIPLO","Yes","RBK1","MWMEA24",20250924,10,3,296.844037310056,469.8,2.504778723,1,1,1,1,1,"WT","Healthy"
"59",31,"D1",7541,20251014,"WTC-11","2024_DIFF19_CA","20251014_No_drop_20251014_Plate_7541_CARIPLO_001_1min","No drop","1 pM",277,18,"No drop",NA,0,462200,FALSE,-18.987,2509573.913,0.046,3685590512.936,TRUE,NA,44.669,"Stanford_Expanded","D11+15","Tryple",1,"CARIPLO","Yes","RBK1","MWMEA24",20250924,1,3,291.762818374812,462.2,2.509573913,0.9828825298925,0.983822903363133,1.00191441661332,0.990179996453272,0.949798257508751,"WT","Healthy"
"60",31,"D1",7541,20251014,"WTC-11","2024_DIFF19_CA","20251014_No_drop_20251014_Plate_7541_CARIPLO_001_1min","No drop","Control",277,18,"No drop",NA,0,469800,FALSE,-20.144,2504778.723,0.026,3880393003.25,TRUE,NA,45.112,"Stanford_Expanded","D11+15","Tryple",1,"CARIPLO","Yes","RBK1","MWMEA24",20250924,1,3,296.844037310056,469.8,2.504778723,1,1,1,1,1,"WT","Healthy"
"61",32,"A3",7541,20251014,"WTC-11","2024_DIFF19_CA","20251014_Dofetilide_20251014_Plate_7541_CARIPLO_001_10min","Dofetilide","30 nM",55,2,"Dofetilide","Dofetilide",30000,486529,TRUE,-24.242,1912729.508,0.017,4819070883.29,TRUE,NA,50.484,"Stanford_Expanded","D11+15","Tryple",10,"CARIPLO","Yes","RBK1","MWMEA24",20250924,10,3,351.788754945672,486.529,1.912729508,1.25765789693986,1.13410023310023,0.813163422622489,1.0462788335993,0.996350599739505,"WT","Healthy"
"62",32,"A3",7541,20251014,"WTC-11","2024_DIFF19_CA","20251014_Dofetilide_20251014_Plate_7541_CARIPLO_001_10min","Dofetilide","Control",55,2,"Dofetilide","Dofetilide",0,429000,FALSE,-26.009,2352208,0.016,4836722017.882,TRUE,NA,48.251,"Stanford_Expanded","D11+15","Tryple",10,"CARIPLO","Yes","RBK1","MWMEA24",20250924,10,3,279.71736654431,429,2.352208,1,1,1,1,1,"WT","Healthy"
"63",32,"A3",7541,20251014,"WTC-11","2024_DIFF19_CA","20251014_Dofetilide_20251014_Plate_7541_CARIPLO_001_1min","Dofetilide","30 nM",55,2,"Dofetilide","Dofetilide",30000,453948,TRUE,-18.999,2406250,0.356,3772081714.286,TRUE,NA,44.048,"Stanford_Expanded","D11+15","Tryple",1,"CARIPLO","Yes","RBK1","MWMEA24",20250924,1,1,292.641378298715,453.948,2.40625,1.04620382321652,1.05815384615385,1.02297500901281,0.912892997036331,0.779883917318406,"WT","Healthy"
"64",32,"A3",7541,20251014,"WTC-11","2024_DIFF19_CA","20251014_Dofetilide_20251014_Plate_7541_CARIPLO_001_1min","Dofetilide","Control",55,2,"Dofetilide","Dofetilide",0,429000,FALSE,-26.009,2352208,0.016,4836722017.882,TRUE,NA,48.251,"Stanford_Expanded","D11+15","Tryple",1,"CARIPLO","Yes","RBK1","MWMEA24",20250924,1,3,279.71736654431,429,2.352208,1,1,1,1,1,"WT","Healthy"
"65",33,"A6",7541,20251014,"WTC-11","2024_DIFF19_CA","20251014_ETOH_20251014_Plate_7541_CARIPLO_001_10min","ETOH","1 µM",130,5,"ETOH","ETOH",1e+06,397600,FALSE,-27.994,1905425.806,0.011,5729466667.238,TRUE,NA,44.208,"Stanford_Expanded","D11+15","Tryple",10,"CARIPLO","Yes","RBK1","MWMEA24",20250924,10,3,288.038376465933,397.6,1.905425806,1.09035298148966,0.970613077888282,0.79242477707959,0.999208914404539,1.04532389887409,"WT","Healthy"
"66",33,"A6",7541,20251014,"WTC-11","2024_DIFF19_CA","20251014_ETOH_20251014_Plate_7541_CARIPLO_001_10min","ETOH","Control",130,5,"ETOH","ETOH",0,409638,TRUE,-25.872,2404551.02,0.008,5481044366.64,TRUE,NA,44.243,"Stanford_Expanded","D11+15","Tryple",10,"CARIPLO","Yes","RBK1","MWMEA24",20250924,10,3,264.169843487207,409.638,2.40455102,1.00319100738364,1.00319100738364,1,1,1,"WT","Healthy"
"67",33,"A6",7541,20251014,"WTC-11","2024_DIFF19_CA","20251014_ETOH_20251014_Plate_7541_CARIPLO_001_1min","ETOH","1 µM",130,5,"ETOH","ETOH",1e+06,415000,FALSE,-26.891,2297680.392,0.086,5662398339.692,TRUE,NA,43.642,"Stanford_Expanded","D11+15","Tryple",1,"CARIPLO","Yes","RBK1","MWMEA24",20250924,1,3,273.780988801061,415,2.297680392,1.03638244694012,1.01308960594476,0.955554851150549,0.986415930203648,1.03308748496104,"WT","Healthy"
"68",33,"A6",7541,20251014,"WTC-11","2024_DIFF19_CA","20251014_ETOH_20251014_Plate_7541_CARIPLO_001_1min","ETOH","Control",130,5,"ETOH","ETOH",0,408335,TRUE,-25.872,2404551.02,0.008,5481044366.64,TRUE,NA,44.243,"Stanford_Expanded","D11+15","Tryple",1,"CARIPLO","Yes","RBK1","MWMEA24",20250924,1,3,263.329556926722,408.335,2.40455102,1,1,1,1,1,"WT","Healthy"
"69",33,"B6",7541,20251014,"WTC-11","2024_DIFF19_CA","20251014_ETOH_20251014_Plate_7541_CARIPLO_001_10min","ETOH","1 µM",142,11,"ETOH","ETOH",1e+06,408000,FALSE,-10.13,1938914.754,0.022,1941340734.194,TRUE,NA,44.051,"Stanford_Expanded","D11+15","Tryple",10,"CARIPLO","Yes","RBK1","MWMEA24",20250924,10,3,293.00889552406,408,1.938914754,1.05178443918436,0.979121670266379,0.866602310727397,0.975961538461538,1.10614502698666,"WT","Healthy"
"70",33,"B6",7541,20251014,"WTC-11","2024_DIFF19_CA","20251014_ETOH_20251014_Plate_7541_CARIPLO_001_10min","ETOH","Control",142,11,"ETOH","ETOH",0,416700,FALSE,-8.915,2237375.472,0.019,1755050817.778,TRUE,NA,45.136,"Stanford_Expanded","D11+15","Tryple",10,"CARIPLO","Yes","RBK1","MWMEA24",20250924,10,3,278.582649265361,416.7,2.237375472,1.00048019207683,1.00048019207683,1,1,1,"WT","Healthy"
"71",33,"B6",7541,20251014,"WTC-11","2024_DIFF19_CA","20251014_ETOH_20251014_Plate_7541_CARIPLO_001_1min","ETOH","1 µM",142,11,"ETOH","ETOH",1e+06,428100,FALSE,-9.464,2664593.182,0.053,1855313576,TRUE,NA,43.905,"Stanford_Expanded","D11+15","Tryple",1,"CARIPLO","Yes","RBK1","MWMEA24",20250924,1,3,262.258620029219,428.1,2.664593182,0.941403280932284,1.02735781137509,1.19094591647512,0.972726869904289,1.05712812256282,"WT","Healthy"
"72",33,"B6",7541,20251014,"WTC-11","2024_DIFF19_CA","20251014_ETOH_20251014_Plate_7541_CARIPLO_001_1min","ETOH","Control",142,11,"ETOH","ETOH",0,416500,FALSE,-8.915,2237375.472,0.019,1755050817.778,TRUE,NA,45.136,"Stanford_Expanded","D11+15","Tryple",1,"CARIPLO","Yes","RBK1","MWMEA24",20250924,1,3,278.448940290432,416.5,2.237375472,1,1,1,1,1,"WT","Healthy"
"73",33,"C1",7541,20251014,"WTC-11","2024_DIFF19_CA","20251014_No_drop_20251014_Plate_7541_CARIPLO_001_10min","No drop","1 pM",269,12,"No drop",NA,0,331504,TRUE,-31.334,1918941.935,0.015,6556028448.571,TRUE,NA,NA,"Stanford_Expanded","D11+15","Tryple",10,"CARIPLO","Yes","RBK1","MWMEA24",20250924,10,3,239.308352120965,331.504,1.918941935,1.0082348867579,0.892944877817524,0.784378821909741,NA,1.08826453447652,"WT","Healthy"
"74",33,"C1",7541,20251014,"WTC-11","2024_DIFF19_CA","20251014_No_drop_20251014_Plate_7541_CARIPLO_001_10min","No drop","Control",269,12,"No drop",NA,0,371248,TRUE,-27.471,2446447.917,0.032,6024296704.408,TRUE,NA,17.724,"Stanford_Expanded","D11+15","Tryple",10,"CARIPLO","Yes","RBK1","MWMEA24",20250924,10,3,237.353770697708,371.248,2.446447917,0.991218491097008,0.991218491097008,1,1,1,"WT","Healthy"
"75",33,"C1",7541,20251014,"WTC-11","2024_DIFF19_CA","20251014_No_drop_20251014_Plate_7541_CARIPLO_001_1min","No drop","1 pM",269,12,"No drop",NA,0,364025,TRUE,-29.486,2331535.294,0.025,5596235607.231,TRUE,NA,NA,"Stanford_Expanded","D11+15","Tryple",1,"CARIPLO","Yes","RBK1","MWMEA24",20250924,1,3,238.402175143609,364.025,2.331535294,1.00441705409954,0.980544002930655,0.953028788309169,NA,0.928944220681597,"WT","Healthy"
"76",33,"C1",7541,20251014,"WTC-11","2024_DIFF19_CA","20251014_No_drop_20251014_Plate_7541_CARIPLO_001_1min","No drop","Control",269,12,"No drop",NA,0,374537,TRUE,-27.471,2446447.917,0.032,6024296704.408,TRUE,NA,17.724,"Stanford_Expanded","D11+15","Tryple",1,"CARIPLO","Yes","RBK1","MWMEA24",20250924,1,3,239.456560616643,374.537,2.446447917,1,1,1,1,1,"WT","Healthy"
"77",34,"B3",7541,20251014,"WTC-11","2024_DIFF19_CA","20251014_Dofetilide_20251014_Plate_7541_CARIPLO_001_10min","Dofetilide","30 nM",71,8,"Dofetilide","Dofetilide",30000,440916,TRUE,-14.555,2105555.357,0.016,3033023783.579,TRUE,NA,43.07,"Stanford_Expanded","D11+15","Tryple",10,"CARIPLO","Yes","RBK1","MWMEA24",20250924,10,3,303.859295699567,440.916,2.105555357,1.13450068994624,1.02562456385206,0.817273277102992,0.998377375985165,0.971809201936245,"WT","Healthy"
"78",34,"B3",7541,20251014,"WTC-11","2024_DIFF19_CA","20251014_Dofetilide_20251014_Plate_7541_CARIPLO_001_10min","Dofetilide","Control",71,8,"Dofetilide","Dofetilide",0,429900,FALSE,-15.295,2576317.391,0.019,3121007475.064,TRUE,NA,43.14,"Stanford_Expanded","D11+15","Tryple",10,"CARIPLO","Yes","RBK1","MWMEA24",20250924,10,3,267.835267437312,429.9,2.576317391,1,1,1,1,1,"WT","Healthy"
"79",34,"B3",7541,20251014,"WTC-11","2024_DIFF19_CA","20251014_Dofetilide_20251014_Plate_7541_CARIPLO_001_1min","Dofetilide","30 nM",71,8,"Dofetilide","Dofetilide",30000,480012,TRUE,-15.354,2934210,0.04,3192519624.293,TRUE,NA,42.823,"Stanford_Expanded","D11+15","Tryple",1,"CARIPLO","Yes","RBK1","MWMEA24",20250924,1,3,280.224755022227,480.012,2.93421,1.04625786478181,1.11656664340544,1.13891635023318,0.992651831247102,1.02291316179162,"WT","Healthy"
"80",34,"B3",7541,20251014,"WTC-11","2024_DIFF19_CA","20251014_Dofetilide_20251014_Plate_7541_CARIPLO_001_1min","Dofetilide","Control",71,8,"Dofetilide","Dofetilide",0,429900,FALSE,-15.295,2576317.391,0.019,3121007475.064,TRUE,NA,43.14,"Stanford_Expanded","D11+15","Tryple",1,"CARIPLO","Yes","RBK1","MWMEA24",20250924,1,3,267.835267437312,429.9,2.576317391,1,1,1,1,1,"WT","Healthy"
"81",42,"A5",7541,20251014,"WTC-11","2024_DIFF19_CA","20251014_NIFE_20251014_Plate_7541_CARIPLO_001_10min","NIFE","1 µM",104,4,"NIFE","Nifedipine",1e+06,301300,FALSE,-16.426,1490625,0.036,3729113958.074,TRUE,NA,41.354,"Stanford_Expanded","D11+15","Tryple",10,"CARIPLO","Yes","RBK1","MWMEA24",20250924,10,3,246.782824936093,301.3,1.490625,0.965196462590897,0.768230494645589,0.633507326054029,0.831085833718523,1.48800277248172,"WT","Healthy"
"82",42,"A5",7541,20251014,"WTC-11","2024_DIFF19_CA","20251014_NIFE_20251014_Plate_7541_CARIPLO_001_10min","NIFE","Control",104,4,"NIFE","Nifedipine",0,392200,FALSE,-13.183,2352972,0.013,2506120302.353,TRUE,NA,49.759,"Stanford_Expanded","D11+15","Tryple",10,"CARIPLO","Yes","RBK1","MWMEA24",20250924,10,3,255.681443624077,392.2,2.352972,1,1,1,1,1,"WT","Healthy"
"83",42,"A5",7541,20251014,"WTC-11","2024_DIFF19_CA","20251014_NIFE_20251014_Plate_7541_CARIPLO_001_1min","NIFE","1 µM",104,4,"NIFE","Nifedipine",1e+06,356900,FALSE,-16.154,2726723.256,0.099,3721072301.455,TRUE,NA,40.543,"Stanford_Expanded","D11+15","Tryple",1,"CARIPLO","Yes","RBK1","MWMEA24",20250924,1,3,216.135456079999,356.9,2.726723256,0.845331022136197,0.909994900560938,1.15884220296714,0.81478727466388,1.48479396538198,"WT","Healthy"
"84",42,"A5",7541,20251014,"WTC-11","2024_DIFF19_CA","20251014_NIFE_20251014_Plate_7541_CARIPLO_001_1min","NIFE","Control",104,4,"NIFE","Nifedipine",0,392200,FALSE,-13.183,2352972,0.013,2506120302.353,TRUE,NA,49.759,"Stanford_Expanded","D11+15","Tryple",1,"CARIPLO","Yes","RBK1","MWMEA24",20250924,1,3,255.681443624077,392.2,2.352972,1,1,1,1,1,"WT","Healthy"
"85",43,"B1",7541,20251014,"WTC-11","2024_DIFF19_CA","20251014_No_drop_20251014_Plate_7541_CARIPLO_001_10min","No drop","1 pM",21,6,"No drop",NA,0,416100,FALSE,-16.941,1938396.721,0.012,3589661474.903,TRUE,NA,43.583,"Stanford_Expanded","D11+15","Tryple",10,"CARIPLO","Yes","RBK1","MWMEA24",20250924,10,3,298.865911574099,416.1,1.938396721,1.02506221692585,0.94460839954597,0.849186642190914,0.991739862558595,0.936501073938311,"WT","Healthy"
"86",43,"B1",7541,20251014,"WTC-11","2024_DIFF19_CA","20251014_No_drop_20251014_Plate_7541_CARIPLO_001_10min","No drop","Control",21,6,"No drop",NA,0,440500,FALSE,-18.734,2282650.98,0.078,3833056442.538,TRUE,NA,43.946,"Stanford_Expanded","D11+15","Tryple",10,"CARIPLO","Yes","RBK1","MWMEA24",20250924,10,3,291.558801640738,440.5,2.28265098,1,1,1,1,1,"WT","Healthy"
"87",43,"B1",7541,20251014,"WTC-11","2024_DIFF19_CA","20251014_No_drop_20251014_Plate_7541_CARIPLO_001_1min","No drop","1 pM",21,6,"No drop",NA,0,447000,FALSE,-16.838,2624211.111,0.065,3573617424,TRUE,NA,43.066,"Stanford_Expanded","D11+15","Tryple",1,"CARIPLO","Yes","RBK1","MWMEA24",20250924,1,3,275.935856231106,447,2.624211111,0.946415799071353,1.01475595913734,1.14963309502533,0.979975424384472,0.932315367011341,"WT","Healthy"
"88",43,"B1",7541,20251014,"WTC-11","2024_DIFF19_CA","20251014_No_drop_20251014_Plate_7541_CARIPLO_001_1min","No drop","Control",21,6,"No drop",NA,0,440500,FALSE,-18.734,2282650.98,0.078,3833056442.538,TRUE,NA,43.946,"Stanford_Expanded","D11+15","Tryple",1,"CARIPLO","Yes","RBK1","MWMEA24",20250924,1,3,291.558801640738,440.5,2.28265098,1,1,1,1,1,"WT","Healthy"
"89",43,"B2",7541,20251014,"WTC-11","2024_DIFF19_CA","20251014_RBK_20251014_Plate_7541_CARIPLO_001_10min","RBK","1 pM",45,7,"RBK","RBK",0,395600,FALSE,-12.06,2023531.034,0.016,2416375456.881,TRUE,NA,47.753,"Stanford_Expanded","D11+15","Tryple",10,"CARIPLO","Yes","RBK1","MWMEA24",20250924,10,3,278.100230129015,395.6,2.023531034,1.0648274670734,0.953595387259522,0.801991550813491,0.991960947237225,1.00485927388831,"WT","Healthy"
"90",43,"B2",7541,20251014,"WTC-11","2024_DIFF19_CA","20251014_RBK_20251014_Plate_7541_CARIPLO_001_10min","RBK","Control",45,7,"RBK","RBK",0,414851,TRUE,-11.896,2523132.609,0.014,2404690407.574,TRUE,NA,48.14,"Stanford_Expanded","D11+15","Tryple",10,"CARIPLO","Yes","RBK1","MWMEA24",20250924,10,3,261.169286789112,414.851,2.523132609,1.00070919077473,1.00070919077473,1,1,1,"WT","Healthy"
"91",43,"B2",7541,20251014,"WTC-11","2024_DIFF19_CA","20251014_RBK_20251014_Plate_7541_CARIPLO_001_1min","RBK","1 pM",45,7,"RBK","RBK",0,417458,TRUE,-11.973,2673072.727,0.016,2441310964.267,TRUE,NA,46.033,"Stanford_Expanded","D11+15","Tryple",1,"CARIPLO","Yes","RBK1","MWMEA24",20250924,1,3,255.333266170288,417.458,2.673072727,0.977654261377462,1.00628418396002,1.05942617421897,0.956231823847113,1.0152288030832,"WT","Healthy"
"92",43,"B2",7541,20251014,"WTC-11","2024_DIFF19_CA","20251014_RBK_20251014_Plate_7541_CARIPLO_001_1min","RBK","Control",45,7,"RBK","RBK",0,414557,TRUE,-11.896,2523132.609,0.014,2404690407.574,TRUE,NA,48.14,"Stanford_Expanded","D11+15","Tryple",1,"CARIPLO","Yes","RBK1","MWMEA24",20250924,1,3,260.984199202687,414.557,2.523132609,1,1,1,1,1,"WT","Healthy"
"93",43,"C3",7541,20251014,"WTC-11","2024_DIFF19_CA","20251014_Dofetilide_20251014_Plate_7541_CARIPLO_001_10min","Dofetilide","30 nM",218,14,"Dofetilide","Dofetilide",30000,457858,TRUE,-26.733,1888853.226,0.033,5029814101.143,TRUE,NA,40.26,"Stanford_Expanded","D11+15","Tryple",10,"CARIPLO","Yes","RBK1","MWMEA24",20250924,10,2,333.143773574513,457.858,1.888853226,1.20922598128822,1.10088482808367,0.828836433729852,0.999478662396663,1.02915069626486,"WT","Healthy"
"94",43,"C3",7541,20251014,"WTC-11","2024_DIFF19_CA","20251014_Dofetilide_20251014_Plate_7541_CARIPLO_001_10min","Dofetilide","Control",218,14,"Dofetilide","Dofetilide",0,415900,FALSE,-25.423,2278921.569,0.05,4887344603.077,TRUE,NA,40.281,"Stanford_Expanded","D11+15","Tryple",10,"CARIPLO","Yes","RBK1","MWMEA24",20250924,10,3,275.501666958566,415.9,2.278921569,1,1,1,1,1,"WT","Healthy"
"95",43,"C3",7541,20251014,"WTC-11","2024_DIFF19_CA","20251014_Dofetilide_20251014_Plate_7541_CARIPLO_001_1min","Dofetilide","30 nM",218,14,"Dofetilide","Dofetilide",30000,456554,TRUE,-26.936,2927302.5,0.078,5045956885.756,TRUE,NA,39.816,"Stanford_Expanded","D11+15","Tryple",1,"CARIPLO","Yes","RBK1","MWMEA24",20250924,1,3,266.844558010668,456.554,2.9273025,0.968576927161749,1.09774945900457,1.28451217445123,0.988456095926119,1.0324536728143,"WT","Healthy"
"96",43,"C3",7541,20251014,"WTC-11","2024_DIFF19_CA","20251014_Dofetilide_20251014_Plate_7541_CARIPLO_001_1min","Dofetilide","Control",218,14,"Dofetilide","Dofetilide",0,415900,FALSE,-25.423,2278921.569,0.05,4887344603.077,TRUE,NA,40.281,"Stanford_Expanded","D11+15","Tryple",1,"CARIPLO","Yes","RBK1","MWMEA24",20250924,1,3,275.501666958566,415.9,2.278921569,1,1,1,1,1,"WT","Healthy"
"97",13,"A4",7904,20251014,"SCVI498c1","2024_DIFF9_CA","20251014_DMSO_20251014_Plate_7904_CARIPLO_001_10min","DMSO","30 nM",74,3,"DMSO","DMSO",30000,456554,TRUE,-2.074,2143485.185,0.051,709385133.818,TRUE,NA,20.124,"Stanford_Expanded","D11+25","Tryple",10,"CARIPLO","Yes","RBK1","MWMEA24",20250924,10,3,311.840062651063,456.554,2.143485185,1.155445086684,0.948553549019771,0.673945978619714,0.768032974582093,0.706715975520138,"KCNH2-p.A561V","LQT2"
"98",13,"A4",7904,20251014,"SCVI498c1","2024_DIFF9_CA","20251014_DMSO_20251014_Plate_7904_CARIPLO_001_10min","DMSO","Control",74,3,"DMSO","DMSO",0,481316,TRUE,-4.483,3180500,0.067,1003776847.263,TRUE,NA,26.202,"Stanford_Expanded","D11+25","Tryple",10,"CARIPLO","Yes","RBK1","MWMEA24",20250924,10,3,269.887393390551,481.316,3.1805,0.989285325232412,0.989285325232412,1,1,1,"KCNH2-p.A561V","LQT2"
"99",13,"A4",7904,20251014,"SCVI498c1","2024_DIFF9_CA","20251014_DMSO_20251014_Plate_7904_CARIPLO_001_1min","DMSO","30 nM",74,3,"DMSO","DMSO",30000,502900,FALSE,-1.853,3426806.061,0.222,746808318,TRUE,NA,19.362,"Stanford_Expanded","D11+25","Tryple",1,"CARIPLO","Yes","RBK1","MWMEA24",20250924,1,2,271.666990955176,502.9,3.426806061,1.00659385213318,1.04484372013397,1.07744255966043,0.738951225097321,0.743998349868622,"KCNH2-p.A561V","LQT2"
"100",13,"A4",7904,20251014,"SCVI498c1","2024_DIFF9_CA","20251014_DMSO_20251014_Plate_7904_CARIPLO_001_1min","DMSO","Control",74,3,"DMSO","DMSO",0,486529,TRUE,-4.483,3180500,0.067,1003776847.263,TRUE,NA,26.202,"Stanford_Expanded","D11+25","Tryple",1,"CARIPLO","Yes","RBK1","MWMEA24",20250924,1,3,272.810468837336,486.529,3.1805,1,1,1,1,1,"KCNH2-p.A561V","LQT2"
"101",21,"D5",7904,20251014,"SCVI498c1","2024_DIFF9_CA","20251014_NIFE_20251014_Plate_7904_CARIPLO_001_10min","NIFE","1 µM",190,22,"NIFE","Nifedipine",1e+06,254000,FALSE,-1.558,1442668.293,0.02,439771956.289,TRUE,NA,131.272,"Stanford_Expanded","D11+25","Tryple",10,"CARIPLO","Yes","RBK1","MWMEA24",20250924,10,2,211.470831601416,254,1.442668293,0.793715440520487,0.512457354065663,0.416855755301407,1.14392275785144,1.20900359593893,"KCNH2-p.A561V","LQT2"
"102",21,"D5",7904,20251014,"SCVI498c1","2024_DIFF9_CA","20251014_NIFE_20251014_Plate_7904_CARIPLO_001_10min","NIFE","Control",190,22,"NIFE","Nifedipine",0,495651,TRUE,-1.053,3460833.333,0.109,363747434.471,TRUE,NA,114.756,"Stanford_Expanded","D11+25","Tryple",10,"CARIPLO","Yes","RBK1","MWMEA24",20250924,10,2,266.431545621366,495.651,3.460833333,0.997378026940119,0.997378026940119,1,1,1,"KCNH2-p.A561V","LQT2"
"103",21,"D5",7904,20251014,"SCVI498c1","2024_DIFF9_CA","20251014_NIFE_20251014_Plate_7904_CARIPLO_001_1min","NIFE","1 µM",190,22,"NIFE","Nifedipine",1e+06,252000,FALSE,-0.669,2118360,0.627,269890105.071,TRUE,NA,64.597,"Stanford_Expanded","D11+25","Tryple",1,"CARIPLO","Yes","RBK1","MWMEA24",20250924,1,2,173.141293277569,252,2.11836,0.649852827576303,0.508422256789556,0.612095352815998,0.562907386106173,0.7419711577169,"KCNH2-p.A561V","LQT2"
"104",21,"D5",7904,20251014,"SCVI498c1","2024_DIFF9_CA","20251014_NIFE_20251014_Plate_7904_CARIPLO_001_1min","NIFE","Control",190,22,"NIFE","Nifedipine",0,496954,TRUE,-1.053,3460833.333,0.109,363747434.471,TRUE,NA,114.756,"Stanford_Expanded","D11+25","Tryple",1,"CARIPLO","Yes","RBK1","MWMEA24",20250924,1,2,267.131958419775,496.954,3.460833333,1,1,1,1,1,"KCNH2-p.A561V","LQT2"
"105",22,"A2",7904,20251014,"SCVI498c1","2024_DIFF9_CA","20251014_RBK_20251014_Plate_7904_CARIPLO_001_10min","RBK","1 pM",28,1,"RBK","RBK",0,413548,TRUE,-2.063,4454776,0.28,770528417.538,TRUE,NA,18.263,"Stanford_Expanded","D11+25","Tryple",10,"CARIPLO","Yes","RBK1","MWMEA24",20250924,10,2,195.935436708041,413.548,4.454776,1.18844005274609,0.980901328273245,0.681233639437545,0.623842869342442,0.93857311788334,"KCNH2-p.A561V","LQT2"
"106",22,"A2",7904,20251014,"SCVI498c1","2024_DIFF9_CA","20251014_RBK_20251014_Plate_7904_CARIPLO_001_10min","RBK","Control",28,1,"RBK","RBK",0,421600,FALSE,-2.194,6539277.778,0.273,820957262.526,FALSE,NA,29.275,"Stanford_Expanded","D11+25","Tryple",10,"CARIPLO","Yes","RBK1","MWMEA24",20250924,10,2,164.867749328458,421.6,6.539277778,1,1,1,1,1,"KCNH2-p.A561V","LQT2"
"107",22,"A2",7904,20251014,"SCVI498c1","2024_DIFF9_CA","20251014_RBK_20251014_Plate_7904_CARIPLO_001_1min","RBK","1 pM",28,1,"RBK","RBK",0,418761,TRUE,-2.089,7011925,0.237,795103335.529,FALSE,NA,25.693,"Stanford_Expanded","D11+25","Tryple",1,"CARIPLO","Yes","RBK1","MWMEA24",20250924,1,2,158.142134790897,418.761,7.011925,0.95920600259932,0.993266129032258,1.07227819922104,0.877643040136635,0.968507584770674,"KCNH2-p.A561V","LQT2"
"108",22,"A2",7904,20251014,"SCVI498c1","2024_DIFF9_CA","20251014_RBK_20251014_Plate_7904_CARIPLO_001_1min","RBK","Control",28,1,"RBK","RBK",0,421600,FALSE,-2.194,6539277.778,0.273,820957262.526,FALSE,NA,29.275,"Stanford_Expanded","D11+25","Tryple",1,"CARIPLO","Yes","RBK1","MWMEA24",20250924,1,2,164.867749328458,421.6,6.539277778,1,1,1,1,1,"KCNH2-p.A561V","LQT2"
"109",22,"A5",7904,20251014,"SCVI498c1","2024_DIFF9_CA","20251014_NIFE_20251014_Plate_7904_CARIPLO_001_10min","NIFE","1 µM",100,4,"NIFE","Nifedipine",1e+06,240000,FALSE,-4.095,1070963.063,0.017,1567133912.571,TRUE,NA,22.398,"Stanford_Expanded","D11+25","Tryple",10,"CARIPLO","Yes","RBK1","MWMEA24",20250924,10,3,231.912413431229,240,1.070963063,0.724118750998012,0.533288300099103,0.542381070795137,0.969442520775623,0.959971690460724,"KCNH2-p.A561V","LQT2"
"110",22,"A5",7904,20251014,"SCVI498c1","2024_DIFF9_CA","20251014_NIFE_20251014_Plate_7904_CARIPLO_001_10min","NIFE","Control",100,4,"NIFE","Nifedipine",0,450038,TRUE,-4.625,1974558.333,0.033,1632479299.279,TRUE,NA,23.104,"Stanford_Expanded","D11+25","Tryple",10,"CARIPLO","Yes","RBK1","MWMEA24",20250924,10,3,320.268482360934,450.038,1.974558333,1,1,1,1,1,"KCNH2-p.A561V","LQT2"
"111",22,"A5",7904,20251014,"SCVI498c1","2024_DIFF9_CA","20251014_NIFE_20251014_Plate_7904_CARIPLO_001_1min","NIFE","1 µM",100,4,"NIFE","Nifedipine",1e+06,218300,FALSE,-4.37,1195842.424,0.218,1623136724.04,TRUE,NA,22.122,"Stanford_Expanded","D11+25","Tryple",1,"CARIPLO","Yes","RBK1","MWMEA24",20250924,1,2,199.625840393224,218.3,1.195842424,0.623307791393131,0.485070149631809,0.605625270225937,0.957496537396122,0.994277063578615,"KCNH2-p.A561V","LQT2"
"112",22,"A5",7904,20251014,"SCVI498c1","2024_DIFF9_CA","20251014_NIFE_20251014_Plate_7904_CARIPLO_001_1min","NIFE","Control",100,4,"NIFE","Nifedipine",0,450038,TRUE,-4.625,1974558.333,0.033,1632479299.279,TRUE,NA,23.104,"Stanford_Expanded","D11+25","Tryple",1,"CARIPLO","Yes","RBK1","MWMEA24",20250924,1,3,320.268482360934,450.038,1.974558333,1,1,1,1,1,"KCNH2-p.A561V","LQT2"
"113",22,"B6",7904,20251014,"SCVI498c1","2024_DIFF9_CA","20251014_ETOH_20251014_Plate_7904_CARIPLO_001_10min","ETOH","1 µM",136,11,"ETOH","ETOH",1e+06,419200,FALSE,-2.871,2942100,0.059,997333379.415,TRUE,NA,18.253,"Stanford_Expanded","D11+25","Tryple",10,"CARIPLO","Yes","RBK1","MWMEA24",20250924,10,3,244.395136407074,419.2,2.9421,1.61159446009316,0.941599281221923,0.341366347202562,0.803318369861808,1.45708628740463,"KCNH2-p.A561V","LQT2"
"114",22,"B6",7904,20251014,"SCVI498c1","2024_DIFF9_CA","20251014_ETOH_20251014_Plate_7904_CARIPLO_001_10min","ETOH","Control",136,11,"ETOH","ETOH",0,445200,FALSE,-1.835,8618600,0.22,684471048.857,FALSE,NA,22.722,"Stanford_Expanded","D11+25","Tryple",10,"CARIPLO","Yes","RBK1","MWMEA24",20250924,10,2,151.648037058248,445.2,8.6186,1,1,1,1,1,"KCNH2-p.A561V","LQT2"
"115",22,"B6",7904,20251014,"SCVI498c1","2024_DIFF9_CA","20251014_ETOH_20251014_Plate_7904_CARIPLO_001_1min","ETOH","1 µM",136,11,"ETOH","ETOH",1e+06,466980,TRUE,-1.859,11027370,0.591,739604361.818,FALSE,NA,19.611,"Stanford_Expanded","D11+25","Tryple",1,"CARIPLO","Yes","RBK1","MWMEA24",20250924,1,2,140.62492619045,466.98,11.02737,0.92731121957376,1.0489218328841,1.27948506718028,0.863084235542646,1.0805487873491,"KCNH2-p.A561V","LQT2"
"116",22,"B6",7904,20251014,"SCVI498c1","2024_DIFF9_CA","20251014_ETOH_20251014_Plate_7904_CARIPLO_001_1min","ETOH","Control",136,11,"ETOH","ETOH",0,445200,FALSE,-1.835,8618600,0.22,684471048.857,FALSE,NA,22.722,"Stanford_Expanded","D11+25","Tryple",1,"CARIPLO","Yes","RBK1","MWMEA24",20250924,1,2,151.648037058248,445.2,8.6186,1,1,1,1,1,"KCNH2-p.A561V","LQT2"
"117",22,"D6",7904,20251014,"SCVI498c1","2024_DIFF9_CA","20251014_ETOH_20251014_Plate_7904_CARIPLO_001_10min","ETOH","1 µM",167,23,"ETOH","ETOH",1e+06,437800,FALSE,-1.039,3691381.25,0.174,421517681.818,TRUE,NA,52.862,"Stanford_Expanded","D11+25","Tryple",10,"CARIPLO","Yes","RBK1","MWMEA24",20250924,10,2,227.866932647196,437.8,3.69138125,1.26823717690966,0.921296296296296,0.527712875789955,1.82843900245581,1.02433805795953,"KCNH2-p.A561V","LQT2"
"118",22,"D6",7904,20251014,"SCVI498c1","2024_DIFF9_CA","20251014_ETOH_20251014_Plate_7904_CARIPLO_001_10min","ETOH","Control",167,23,"ETOH","ETOH",0,475200,FALSE,-1.084,6995056.25,0.159,411502509.882,FALSE,NA,28.911,"Stanford_Expanded","D11+25","Tryple",10,"CARIPLO","Yes","RBK1","MWMEA24",20250924,10,2,179.672175517236,475.2,6.99505625,1,1,1,1,1,"KCNH2-p.A561V","LQT2"
"119",22,"D6",7904,20251014,"SCVI498c1","2024_DIFF9_CA","20251014_ETOH_20251014_Plate_7904_CARIPLO_001_1min","ETOH","1 µM",167,23,"ETOH","ETOH",1e+06,490438,TRUE,-1.107,7742080,0.214,418442431.5,FALSE,NA,35.187,"Stanford_Expanded","D11+25","Tryple",1,"CARIPLO","Yes","RBK1","MWMEA24",20250924,1,2,176.260616741677,490.438,7.74208,0.981012314423544,1.0320664983165,1.10679310119915,1.21708000415067,1.01686483423878,"KCNH2-p.A561V","LQT2"
"120",22,"D6",7904,20251014,"SCVI498c1","2024_DIFF9_CA","20251014_ETOH_20251014_Plate_7904_CARIPLO_001_1min","ETOH","Control",167,23,"ETOH","ETOH",0,475200,FALSE,-1.084,6995056.25,0.159,411502509.882,FALSE,NA,28.911,"Stanford_Expanded","D11+25","Tryple",1,"CARIPLO","Yes","RBK1","MWMEA24",20250924,1,2,179.672175517236,475.2,6.99505625,1,1,1,1,1,"KCNH2-p.A561V","LQT2"
"121",23,"C5",7904,20251014,"SCVI498c1","2024_DIFF9_CA","20251014_NIFE_20251014_Plate_7904_CARIPLO_001_10min","NIFE","1 µM",174,16,"NIFE","Nifedipine",1e+06,270193,TRUE,-1.879,2680822.727,0.176,800190322.667,TRUE,NA,20.278,"Stanford_Expanded","D11+25","Tryple",10,"CARIPLO","Yes","RBK1","MWMEA24",20250924,10,2,165.021315582546,270.193,2.680822727,0.980977192353439,0.550921829058923,0.315400328248438,0.554270876042094,1.06966300092598,"KCNH2-p.A561V","LQT2"
"122",23,"C5",7904,20251014,"SCVI498c1","2024_DIFF9_CA","20251014_NIFE_20251014_Plate_7904_CARIPLO_001_10min","NIFE","Control",174,16,"NIFE","Nifedipine",0,490438,TRUE,-2.031,8499746.154,0.437,748077031.714,FALSE,NA,36.585,"Stanford_Expanded","D11+25","Tryple",10,"CARIPLO","Yes","RBK1","MWMEA24",20250924,10,2,168.221358120108,490.438,8.499746154,0.992090592052562,0.992090592052562,1,1,1,"KCNH2-p.A561V","LQT2"
"123",23,"C5",7904,20251014,"SCVI498c1","2024_DIFF9_CA","20251014_NIFE_20251014_Plate_7904_CARIPLO_001_1min","NIFE","1 µM",174,16,"NIFE","Nifedipine",1e+06,287135,TRUE,-1.302,12599237.5,1.144,631325568,FALSE,NA,NA,"Stanford_Expanded","D11+25","Tryple",1,"CARIPLO","Yes","RBK1","MWMEA24",20250924,1,2,80.8935700200283,287.135,12.5992375,0.480875739704059,0.585466460592368,1.48230750327417,NA,0.843931227982634,"KCNH2-p.A561V","LQT2"
"124",23,"C5",7904,20251014,"SCVI498c1","2024_DIFF9_CA","20251014_NIFE_20251014_Plate_7904_CARIPLO_001_1min","NIFE","Control",174,16,"NIFE","Nifedipine",0,494348,TRUE,-2.031,8499746.154,0.437,748077031.714,FALSE,NA,36.585,"Stanford_Expanded","D11+25","Tryple",1,"CARIPLO","Yes","RBK1","MWMEA24",20250924,1,2,169.562497082117,494.348,8.499746154,1,1,1,1,1,"KCNH2-p.A561V","LQT2"
"125",24,"A3",7904,20251014,"SCVI498c1","2024_DIFF9_CA","20251014_Dofetilide_20251014_Plate_7904_CARIPLO_001_10min","Dofetilide","30 nM",48,2,"Dofetilide","Dofetilide",30000,482619,TRUE,-0.908,3652825,0.168,400844124.727,TRUE,NA,17.097,"Stanford_Expanded","D11+25","Tryple",10,"CARIPLO","Yes","RBK1","MWMEA24",20250924,10,2,252.51662852139,482.619,3.652825,1.53145079934802,1.12132667286245,0.536115307738949,0.949622306154188,0.976812062491755,"KCNH2-p.A561V","LQT2"
"126",24,"A3",7904,20251014,"SCVI498c1","2024_DIFF9_CA","20251014_Dofetilide_20251014_Plate_7904_CARIPLO_001_10min","Dofetilide","Control",48,2,"Dofetilide","Dofetilide",0,430400,FALSE,-1.133,6813506.25,0.385,410359515.529,FALSE,NA,18.004,"Stanford_Expanded","D11+25","Tryple",10,"CARIPLO","Yes","RBK1","MWMEA24",20250924,10,2,164.887196264414,430.4,6.81350625,1,1,1,1,1,"KCNH2-p.A561V","LQT2"
"127",24,"A3",7904,20251014,"SCVI498c1","2024_DIFF9_CA","20251014_Dofetilide_20251014_Plate_7904_CARIPLO_001_1min","Dofetilide","30 nM",48,2,"Dofetilide","Dofetilide",30000,450500,FALSE,-1.016,7384253.846,0.613,420369982.286,FALSE,NA,18.651,"Stanford_Expanded","D11+25","Tryple",1,"CARIPLO","Yes","RBK1","MWMEA24",20250924,1,2,165.783569556725,450.5,7.384253846,1.00543628197106,1.04670074349442,1.08376709069578,1.03593645856476,1.02439438194602,"KCNH2-p.A561V","LQT2"
"128",24,"A3",7904,20251014,"SCVI498c1","2024_DIFF9_CA","20251014_Dofetilide_20251014_Plate_7904_CARIPLO_001_1min","Dofetilide","Control",48,2,"Dofetilide","Dofetilide",0,430400,FALSE,-1.133,6813506.25,0.385,410359515.529,FALSE,NA,18.004,"Stanford_Expanded","D11+25","Tryple",1,"CARIPLO","Yes","RBK1","MWMEA24",20250924,1,2,164.887196264414,430.4,6.81350625,1,1,1,1,1,"KCNH2-p.A561V","LQT2"
"129",24,"A6",7904,20251014,"SCVI498c1","2024_DIFF9_CA","20251014_ETOH_20251014_Plate_7904_CARIPLO_001_10min","ETOH","1 µM",120,5,"ETOH","ETOH",1e+06,399700,FALSE,-0.863,4265933.333,0.438,277424689.286,TRUE,NA,31.396,"Stanford_Expanded","D11+25","Tryple",10,"CARIPLO","Yes","RBK1","MWMEA24",20250924,10,2,193.520561830391,399.7,4.265933333,1.28895227998799,0.940913370998117,0.532875314846043,1.24143930407276,0.863729269172929,"KCNH2-p.A561V","LQT2"
"130",24,"A6",7904,20251014,"SCVI498c1","2024_DIFF9_CA","20251014_ETOH_20251014_Plate_7904_CARIPLO_001_10min","ETOH","Control",120,5,"ETOH","ETOH",0,424800,FALSE,-1.008,8005500,0.228,321194035.2,FALSE,NA,25.29,"Stanford_Expanded","D11+25","Tryple",10,"CARIPLO","Yes","RBK1","MWMEA24",20250924,10,2,150.137879295418,424.8,8.0055,1,1,1,1,1,"KCNH2-p.A561V","LQT2"
"131",24,"A6",7904,20251014,"SCVI498c1","2024_DIFF9_CA","20251014_ETOH_20251014_Plate_7904_CARIPLO_001_1min","ETOH","1 µM",120,5,"ETOH","ETOH",1e+06,439612,TRUE,-0.933,10289390.909,0.45,301044903,FALSE,NA,34.702,"Stanford_Expanded","D11+25","Tryple",1,"CARIPLO","Yes","RBK1","MWMEA24",20250924,1,2,137.048632133091,439.612,10.289390909,0.912818489086473,1.034868173258,1.28529022659422,1.3721629102412,0.937268037410926,"KCNH2-p.A561V","LQT2"
"132",24,"A6",7904,20251014,"SCVI498c1","2024_DIFF9_CA","20251014_ETOH_20251014_Plate_7904_CARIPLO_001_1min","ETOH","Control",120,5,"ETOH","ETOH",0,424800,FALSE,-1.008,8005500,0.228,321194035.2,FALSE,NA,25.29,"Stanford_Expanded","D11+25","Tryple",1,"CARIPLO","Yes","RBK1","MWMEA24",20250924,1,2,150.137879295418,424.8,8.0055,1,1,1,1,1,"KCNH2-p.A561V","LQT2"
"133",24,"B2",7904,20251014,"SCVI498c1","2024_DIFF9_CA","20251014_RBK_20251014_Plate_7904_CARIPLO_001_10min","RBK","1 pM",36,7,"RBK","RBK",0,361419,TRUE,-2.998,4709791.667,0.347,925924298.4,TRUE,NA,23.244,"Stanford_Expanded","D11+25","Tryple",10,"CARIPLO","Yes","RBK1","MWMEA24",20250924,10,2,166.5367677896,361.419,4.709791667,1.34262207623042,0.960199256110521,0.511464108183245,1.08815130377791,0.929783012048532,"KCNH2-p.A561V","LQT2"
"134",24,"B2",7904,20251014,"SCVI498c1","2024_DIFF9_CA","20251014_RBK_20251014_Plate_7904_CARIPLO_001_10min","RBK","Control",36,7,"RBK","RBK",0,376400,FALSE,-3.193,9208450,0.201,995849877.231,FALSE,NA,21.361,"Stanford_Expanded","D11+25","Tryple",10,"CARIPLO","Yes","RBK1","MWMEA24",20250924,10,2,124.038454854827,376.4,9.20845,1,1,1,1,1,"KCNH2-p.A561V","LQT2"
"135",24,"B2",7904,20251014,"SCVI498c1","2024_DIFF9_CA","20251014_RBK_20251014_Plate_7904_CARIPLO_001_1min","RBK","1 pM",36,7,"RBK","RBK",0,388787,TRUE,-2.793,8358821.429,0.676,953445452,FALSE,NA,19.243,"Stanford_Expanded","D11+25","Tryple",1,"CARIPLO","Yes","RBK1","MWMEA24",20250924,1,2,134.474274881957,388.787,8.358821429,1.08413374738781,1.0329091392136,0.90773381285667,0.900847338607743,0.957418857801231,"KCNH2-p.A561V","LQT2"
"136",24,"B2",7904,20251014,"SCVI498c1","2024_DIFF9_CA","20251014_RBK_20251014_Plate_7904_CARIPLO_001_1min","RBK","Control",36,7,"RBK","RBK",0,376400,FALSE,-3.193,9208450,0.201,995849877.231,FALSE,NA,21.361,"Stanford_Expanded","D11+25","Tryple",1,"CARIPLO","Yes","RBK1","MWMEA24",20250924,1,2,124.038454854827,376.4,9.20845,1,1,1,1,1,"KCNH2-p.A561V","LQT2"
"137",24,"B5",7904,20251014,"SCVI498c1","2024_DIFF9_CA","20251014_NIFE_20251014_Plate_7904_CARIPLO_001_10min","NIFE","1 µM",108,10,"NIFE","Nifedipine",1e+06,279316,TRUE,-0.748,3539878.788,0.257,318241533.529,TRUE,NA,NA,"Stanford_Expanded","D11+25","Tryple",10,"CARIPLO","Yes","RBK1","MWMEA24",20250924,10,2,148.457320729816,279.316,3.539878788,1.32096435436495,0.677548545161251,0.263086544724851,NA,0.769124849593121,"KCNH2-p.A561V","LQT2"
"138",24,"B5",7904,20251014,"SCVI498c1","2024_DIFF9_CA","20251014_NIFE_20251014_Plate_7904_CARIPLO_001_10min","NIFE","Control",108,10,"NIFE","Nifedipine",0,412245,TRUE,-1.333,13455187.5,0.514,413770968,FALSE,NA,30.06,"Stanford_Expanded","D11+25","Tryple",10,"CARIPLO","Yes","RBK1","MWMEA24",20250924,10,2,112.385561532572,412.245,13.4551875,1.00636415566915,1.00636415566915,1,1,1,"KCNH2-p.A561V","LQT2"
"139",24,"B5",7904,20251014,"SCVI498c1","2024_DIFF9_CA","20251014_NIFE_20251014_Plate_7904_CARIPLO_001_1min","NIFE","1 µM",108,10,"NIFE","Nifedipine",1e+06,263677,TRUE,-0.663,13597550,0.11,276073807.2,FALSE,NA,NA,"Stanford_Expanded","D11+25","Tryple",1,"CARIPLO","Yes","RBK1","MWMEA24",20250924,1,2,71.5059064872818,263.677,13.59755,0.636255276142011,0.639612366432583,1.01058049172485,NA,0.667214059348891,"KCNH2-p.A561V","LQT2"
"140",24,"B5",7904,20251014,"SCVI498c1","2024_DIFF9_CA","20251014_NIFE_20251014_Plate_7904_CARIPLO_001_1min","NIFE","Control",108,10,"NIFE","Nifedipine",0,409638,TRUE,-1.333,13455187.5,0.514,413770968,FALSE,NA,30.06,"Stanford_Expanded","D11+25","Tryple",1,"CARIPLO","Yes","RBK1","MWMEA24",20250924,1,2,111.674845431915,409.638,13.4551875,1,1,1,1,1,"KCNH2-p.A561V","LQT2"
"141",24,"D1",7904,20251014,"SCVI498c1","2024_DIFF9_CA","20251014_No_drop_20251014_Plate_7904_CARIPLO_001_10min","No drop","1 pM",283,18,"No drop",NA,0,440916,TRUE,-1.987,2867192.683,0.066,826337083.714,TRUE,NA,41.625,"Stanford_Expanded","D11+25","Tryple",10,"CARIPLO","Yes","RBK1","MWMEA24",20250924,10,3,260.391869101789,440.916,2.867192683,1.11629289801554,0.928439671509792,0.691753006037646,0.717759039884124,0.791271478223311,"KCNH2-p.A561V","LQT2"
"142",24,"D1",7904,20251014,"SCVI498c1","2024_DIFF9_CA","20251014_No_drop_20251014_Plate_7904_CARIPLO_001_10min","No drop","Control",283,18,"No drop",NA,0,474900,FALSE,-2.557,4144821.429,0.215,1044315518.069,TRUE,NA,57.993,"Stanford_Expanded","D11+25","Tryple",10,"CARIPLO","Yes","RBK1","MWMEA24",20250924,10,2,233.264826431031,474.9,4.144821429,1,1,1,1,1,"KCNH2-p.A561V","LQT2"
"143",24,"D1",7904,20251014,"SCVI498c1","2024_DIFF9_CA","20251014_No_drop_20251014_Plate_7904_CARIPLO_001_1min","No drop","1 pM",283,18,"No drop",NA,0,483600,FALSE,-2.543,4542353.846,0.708,1075450424.889,TRUE,NA,42.984,"Stanford_Expanded","D11+25","Tryple",1,"CARIPLO","Yes","RBK1","MWMEA24",20250924,1,2,226.90591172198,483.6,4.542353846,0.972739504680824,1.01831964624131,1.09591062577958,0.741192902591692,1.02981369737526,"KCNH2-p.A561V","LQT2"
"144",24,"D1",7904,20251014,"SCVI498c1","2024_DIFF9_CA","20251014_No_drop_20251014_Plate_7904_CARIPLO_001_1min","No drop","Control",283,18,"No drop",NA,0,474900,FALSE,-2.557,4144821.429,0.215,1044315518.069,TRUE,NA,57.993,"Stanford_Expanded","D11+25","Tryple",1,"CARIPLO","Yes","RBK1","MWMEA24",20250924,1,2,233.264826431031,474.9,4.144821429,1,1,1,1,1,"KCNH2-p.A561V","LQT2"
"145",31,"B4",7904,20251014,"SCVI498c1","2024_DIFF9_CA","20251014_DMSO_20251014_Plate_7904_CARIPLO_001_10min","DMSO","30 nM",90,9,"DMSO","DMSO",30000,403300,FALSE,-2.209,1823372.308,0.027,525300889.091,TRUE,NA,NA,"Stanford_Expanded","D11+25","Tryple",10,"CARIPLO","Yes","RBK1","MWMEA24",20250924,10,3,298.669272859041,403.3,1.823372308,1.05968505731512,0.952077431539188,0.807218153950594,NA,1.01521994619385,"KCNH2-p.A561V","LQT2"
"146",31,"B4",7904,20251014,"SCVI498c1","2024_DIFF9_CA","20251014_DMSO_20251014_Plate_7904_CARIPLO_001_10min","DMSO","Control",90,9,"DMSO","DMSO",0,423600,FALSE,-2.082,2258834.615,0.019,517425697.811,TRUE,NA,NA,"Stanford_Expanded","D11+25","Tryple",10,"CARIPLO","Yes","RBK1","MWMEA24",20250924,10,3,281.847206202726,423.6,2.258834615,1,1,1,NA,1,"KCNH2-p.A561V","LQT2"
"147",31,"B4",7904,20251014,"SCVI498c1","2024_DIFF9_CA","20251014_DMSO_20251014_Plate_7904_CARIPLO_001_1min","DMSO","30 nM",90,9,"DMSO","DMSO",30000,426900,FALSE,-2.178,2332562,0.047,530825043.059,TRUE,NA,NA,"Stanford_Expanded","D11+25","Tryple",1,"CARIPLO","Yes","RBK1","MWMEA24",20250924,1,3,279.517856152502,426.9,2.332562,0.99173541550542,1.00779036827195,1.03263956754975,NA,1.02589617273492,"KCNH2-p.A561V","LQT2"
"148",31,"B4",7904,20251014,"SCVI498c1","2024_DIFF9_CA","20251014_DMSO_20251014_Plate_7904_CARIPLO_001_1min","DMSO","Control",90,9,"DMSO","DMSO",0,423600,FALSE,-2.082,2258834.615,0.019,517425697.811,TRUE,NA,NA,"Stanford_Expanded","D11+25","Tryple",1,"CARIPLO","Yes","RBK1","MWMEA24",20250924,1,3,281.847206202726,423.6,2.258834615,1,1,1,NA,1,"KCNH2-p.A561V","LQT2"
"149",33,"C4",7904,20251014,"SCVI498c1","2024_DIFF9_CA","20251014_DMSO_20251014_Plate_7904_CARIPLO_001_10min","DMSO","30 nM",197,15,"DMSO","DMSO",30000,410100,FALSE,-3.126,3613175,0.255,1058958981.455,TRUE,NA,26.437,"Stanford_Expanded","D11+25","Tryple",10,"CARIPLO","Yes","RBK1","MWMEA24",20250924,10,2,215.747251111578,410.1,3.613175,1.35946238249575,0.970260486904677,0.50938048350547,1.33743107198867,0.999726429422684,"KCNH2-p.A561V","LQT2"
"150",33,"C4",7904,20251014,"SCVI498c1","2024_DIFF9_CA","20251014_DMSO_20251014_Plate_7904_CARIPLO_001_10min","DMSO","Control",197,15,"DMSO","DMSO",0,422670,TRUE,-2.918,7093273.333,0.138,1059248760.75,FALSE,NA,19.767,"Stanford_Expanded","D11+25","Tryple",10,"CARIPLO","Yes","RBK1","MWMEA24",20250924,10,2,158.700420025967,422.67,7.093273333,0.996924339700076,0.996924339700076,1,1,1,"KCNH2-p.A561V","LQT2"
"151",33,"C4",7904,20251014,"SCVI498c1","2024_DIFF9_CA","20251014_DMSO_20251014_Plate_7904_CARIPLO_001_1min","DMSO","30 nM",197,15,"DMSO","DMSO",30000,425277,TRUE,-2.932,6844994.118,0.295,1045507141.333,FALSE,NA,21.75,"Stanford_Expanded","D11+25","Tryple",1,"CARIPLO","Yes","RBK1","MWMEA24",20250924,1,2,162.549394479731,425.277,6.844994118,1.02425308296685,1.00616793242955,0.964997934896301,1.10031871300653,0.987027013930826,"KCNH2-p.A561V","LQT2"
"152",33,"C4",7904,20251014,"SCVI498c1","2024_DIFF9_CA","20251014_DMSO_20251014_Plate_7904_CARIPLO_001_1min","DMSO","Control",197,15,"DMSO","DMSO",0,423974,TRUE,-2.918,7093273.333,0.138,1059248760.75,FALSE,NA,19.767,"Stanford_Expanded","D11+25","Tryple",1,"CARIPLO","Yes","RBK1","MWMEA24",20250924,1,2,159.190034495207,423.974,7.093273333,1,1,1,1,1,"KCNH2-p.A561V","LQT2"
"153",33,"C6",7904,20251014,"SCVI498c1","2024_DIFF9_CA","20251014_ETOH_20251014_Plate_7904_CARIPLO_001_10min","ETOH","1 µM",149,17,"ETOH","ETOH",1e+06,407000,FALSE,-1.131,4054703.448,0.249,533074334.4,TRUE,NA,17.606,"Stanford_Expanded","D11+25","Tryple",10,"CARIPLO","Yes","RBK1","MWMEA24",20250924,10,2,202.122592971041,407,4.054703448,1.36162993443627,0.963769831873076,0.50098932791741,0.984510428898954,0.894902907764043,"KCNH2-p.A561V","LQT2"
"154",33,"C6",7904,20251014,"SCVI498c1","2024_DIFF9_CA","20251014_ETOH_20251014_Plate_7904_CARIPLO_001_10min","ETOH","Control",149,17,"ETOH","ETOH",0,422300,FALSE,-1.391,8093392.857,0.984,595678402.4,FALSE,NA,17.883,"Stanford_Expanded","D11+25","Tryple",10,"CARIPLO","Yes","RBK1","MWMEA24",20250924,10,2,148.441649128933,422.3,8.093392857,1,1,1,1,1,"KCNH2-p.A561V","LQT2"
"155",33,"C6",7904,20251014,"SCVI498c1","2024_DIFF9_CA","20251014_ETOH_20251014_Plate_7904_CARIPLO_001_1min","ETOH","1 µM",149,17,"ETOH","ETOH",1e+06,420064,TRUE,-1.252,7195606.667,0.578,568245909.75,FALSE,NA,16.712,"Stanford_Expanded","D11+25","Tryple",1,"CARIPLO","Yes","RBK1","MWMEA24",20250924,1,2,156.596393503141,420.064,7.195606667,1.05493568969397,0.99470518588681,0.889071714933064,0.934518816753341,0.953947478136736,"KCNH2-p.A561V","LQT2"
"156",33,"C6",7904,20251014,"SCVI498c1","2024_DIFF9_CA","20251014_ETOH_20251014_Plate_7904_CARIPLO_001_1min","ETOH","Control",149,17,"ETOH","ETOH",0,422300,FALSE,-1.391,8093392.857,0.984,595678402.4,FALSE,NA,17.883,"Stanford_Expanded","D11+25","Tryple",1,"CARIPLO","Yes","RBK1","MWMEA24",20250924,1,2,148.441649128933,422.3,8.093392857,1,1,1,1,1,"KCNH2-p.A561V","LQT2"
"157",33,"D2",7904,20251014,"SCVI498c1","2024_DIFF9_CA","20251014_RBK_20251014_Plate_7904_CARIPLO_001_10min","RBK","1 pM",257,19,"RBK","RBK",0,439612,TRUE,-1.303,4435750,0.24,531625736.444,TRUE,NA,19.484,"Stanford_Expanded","D11+25","Tryple",10,"CARIPLO","Yes","RBK1","MWMEA24",20250924,10,2,208.730545523148,439.612,4.43575,1.3230431141875,0.954433347807208,0.520407104220834,0.918103854490623,1.04518337474867,"KCNH2-p.A561V","LQT2"
"158",33,"D2",7904,20251014,"SCVI498c1","2024_DIFF9_CA","20251014_RBK_20251014_Plate_7904_CARIPLO_001_10min","RBK","Control",257,19,"RBK","RBK",0,460600,FALSE,-1.423,8523615.385,0.227,508643506.286,FALSE,NA,21.222,"Stanford_Expanded","D11+25","Tryple",10,"CARIPLO","Yes","RBK1","MWMEA24",20250924,10,2,157.765490243553,460.6,8.523615385,1,1,1,1,1,"KCNH2-p.A561V","LQT2"
"159",33,"D2",7904,20251014,"SCVI498c1","2024_DIFF9_CA","20251014_RBK_20251014_Plate_7904_CARIPLO_001_1min","RBK","1 pM",257,19,"RBK","RBK",0,450038,TRUE,-1.494,8018657.143,0.719,546695835.2,FALSE,NA,19.293,"Stanford_Expanded","D11+25","Tryple",1,"CARIPLO","Yes","RBK1","MWMEA24",20250924,1,2,158.927248193733,450.038,8.018657143,1.00736382809946,0.97706904038211,0.940757739622011,0.909103760248798,1.07481139234795,"KCNH2-p.A561V","LQT2"
"160",33,"D2",7904,20251014,"SCVI498c1","2024_DIFF9_CA","20251014_RBK_20251014_Plate_7904_CARIPLO_001_1min","RBK","Control",257,19,"RBK","RBK",0,460600,FALSE,-1.423,8523615.385,0.227,508643506.286,FALSE,NA,21.222,"Stanford_Expanded","D11+25","Tryple",1,"CARIPLO","Yes","RBK1","MWMEA24",20250924,1,2,157.765490243553,460.6,8.523615385,1,1,1,1,1,"KCNH2-p.A561V","LQT2"
"161",34,"A1",7904,20251014,"SCVI498c1","2024_DIFF9_CA","20251014_No_drop_20251014_Plate_7904_CARIPLO_001_10min","No drop","1 pM",11,0,"No drop",NA,0,443500,FALSE,-5.192,2202514.815,0.036,1200736668.218,FALSE,NA,69.889,"Stanford_Expanded","D11+25","Tryple",10,"CARIPLO","Yes","RBK1","MWMEA24",20250924,10,3,298.836887901118,443.5,2.202514815,1.12424575604213,0.966441490520811,0.738973082604221,2.52115724540962,1.04361790232542,"KCNH2-p.A561V","LQT2"
"162",34,"A1",7904,20251014,"SCVI498c1","2024_DIFF9_CA","20251014_No_drop_20251014_Plate_7904_CARIPLO_001_10min","No drop","Control",11,0,"No drop",NA,0,458900,FALSE,-4.669,2980507.5,0.031,1150552003.317,TRUE,NA,27.721,"Stanford_Expanded","D11+25","Tryple",10,"CARIPLO","Yes","RBK1","MWMEA24",20250924,10,3,265.810999325594,458.9,2.9805075,1,1,1,1,1,"KCNH2-p.A561V","LQT2"
"163",34,"A1",7904,20251014,"SCVI498c1","2024_DIFF9_CA","20251014_No_drop_20251014_Plate_7904_CARIPLO_001_1min","No drop","1 pM",11,0,"No drop",NA,0,472193,TRUE,-4.64,2891470,0.051,1182338380.39,TRUE,NA,29.456,"Stanford_Expanded","D11+25","Tryple",1,"CARIPLO","Yes","RBK1","MWMEA24",20250924,1,3,277.68997363908,472.193,2.89147,1.0446895513866,1.02896709522772,0.970126731773029,1.06258792972836,1.02762706681781,"KCNH2-p.A561V","LQT2"
"164",34,"A1",7904,20251014,"SCVI498c1","2024_DIFF9_CA","20251014_No_drop_20251014_Plate_7904_CARIPLO_001_1min","No drop","Control",11,0,"No drop",NA,0,458900,FALSE,-4.669,2980507.5,0.031,1150552003.317,TRUE,NA,27.721,"Stanford_Expanded","D11+25","Tryple",1,"CARIPLO","Yes","RBK1","MWMEA24",20250924,1,3,265.810999325594,458.9,2.9805075,1,1,1,1,1,"KCNH2-p.A561V","LQT2"
"165",34,"B1",7904,20251014,"SCVI498c1","2024_DIFF9_CA","20251014_No_drop_20251014_Plate_7904_CARIPLO_001_10min","No drop","1 pM",23,6,"No drop",NA,0,409900,FALSE,-2.143,7325531.25,0.192,754905696.706,FALSE,NA,23.799,"Stanford_Expanded","D11+25","Tryple",10,"CARIPLO","Yes","RBK1","MWMEA24",20250924,10,2,151.446191247257,409.9,7.32553125,1.25813725287802,0.916592128801431,0.530757577577543,1.02799015161332,0.837420231824946,"KCNH2-p.A561V","LQT2"
"166",34,"B1",7904,20251014,"SCVI498c1","2024_DIFF9_CA","20251014_No_drop_20251014_Plate_7904_CARIPLO_001_10min","No drop","Control",23,6,"No drop",NA,0,447200,FALSE,-3.17,13802028.571,0.238,901465797,FALSE,NA,23.151,"Stanford_Expanded","D11+25","Tryple",10,"CARIPLO","Yes","RBK1","MWMEA24",20250924,10,2,120.373346310841,447.2,13.802028571,1,1,1,1,1,"KCNH2-p.A561V","LQT2"
"167",34,"B1",7904,20251014,"SCVI498c1","2024_DIFF9_CA","20251014_No_drop_20251014_Plate_7904_CARIPLO_001_1min","No drop","1 pM",23,6,"No drop",NA,0,452600,FALSE,-1.828,11162522.222,0.232,668512503.6,FALSE,NA,62.032,"Stanford_Expanded","D11+25","Tryple",1,"CARIPLO","Yes","RBK1","MWMEA24",20250924,1,2,135.46695888438,452.6,11.162522222,1.12538998903098,1.01207513416816,0.808759535931843,2.67945229147769,0.741583880192406,"KCNH2-p.A561V","LQT2"
"168",34,"B1",7904,20251014,"SCVI498c1","2024_DIFF9_CA","20251014_No_drop_20251014_Plate_7904_CARIPLO_001_1min","No drop","Control",23,6,"No drop",NA,0,447200,FALSE,-3.17,13802028.571,0.238,901465797,FALSE,NA,23.151,"Stanford_Expanded","D11+25","Tryple",1,"CARIPLO","Yes","RBK1","MWMEA24",20250924,1,2,120.373346310841,447.2,13.802028571,1,1,1,1,1,"KCNH2-p.A561V","LQT2"
"169",34,"B3",7904,20251014,"SCVI498c1","2024_DIFF9_CA","20251014_Dofetilide_20251014_Plate_7904_CARIPLO_001_10min","Dofetilide","30 nM",71,8,"Dofetilide","Dofetilide",30000,455251,TRUE,-1.972,6619568.75,0.144,520584842.118,FALSE,NA,NA,"Stanford_Expanded","D11+25","Tryple",10,"CARIPLO","Yes","RBK1","MWMEA24",20250924,10,2,176.944089304783,455.251,6.61956875,1.35574984131187,1.10605199222546,0.665567274966366,NA,1.03728888156713,"KCNH2-p.A561V","LQT2"
"170",34,"B3",7904,20251014,"SCVI498c1","2024_DIFF9_CA","20251014_Dofetilide_20251014_Plate_7904_CARIPLO_001_10min","Dofetilide","Control",71,8,"Dofetilide","Dofetilide",0,411600,FALSE,-2.053,9945754.545,0.111,501870647,FALSE,NA,NA,"Stanford_Expanded","D11+25","Tryple",10,"CARIPLO","Yes","RBK1","MWMEA24",20250924,10,3,130.513818931054,411.6,9.945754545,1,1,1,NA,1,"KCNH2-p.A561V","LQT2"
"171",34,"B3",7904,20251014,"SCVI498c1","2024_DIFF9_CA","20251014_Dofetilide_20251014_Plate_7904_CARIPLO_001_1min","Dofetilide","30 nM",71,8,"Dofetilide","Dofetilide",30000,440500,FALSE,-2.086,13262644.444,0.343,524580764.4,FALSE,NA,NA,"Stanford_Expanded","D11+25","Tryple",1,"CARIPLO","Yes","RBK1","MWMEA24",20250924,1,2,120.956956131304,440.5,13.262644444,0.926775088814167,1.07021379980564,1.33349806532954,NA,1.04525093773815,"KCNH2-p.A561V","LQT2"
"172",34,"B3",7904,20251014,"SCVI498c1","2024_DIFF9_CA","20251014_Dofetilide_20251014_Plate_7904_CARIPLO_001_1min","Dofetilide","Control",71,8,"Dofetilide","Dofetilide",0,411600,FALSE,-2.053,9945754.545,0.111,501870647,FALSE,NA,NA,"Stanford_Expanded","D11+25","Tryple",1,"CARIPLO","Yes","RBK1","MWMEA24",20250924,1,2,130.513818931054,411.6,9.945754545,1,1,1,NA,1,"KCNH2-p.A561V","LQT2"
"173",34,"D3",7904,20251014,"SCVI498c1","2024_DIFF9_CA","20251014_Dofetilide_20251014_Plate_7904_CARIPLO_001_10min","Dofetilide","30 nM",232,20,"Dofetilide","Dofetilide",30000,529535,TRUE,-1.823,2952390,0.108,680517766.829,TRUE,NA,NA,"Stanford_Expanded","D11+25","Tryple",10,"CARIPLO","Yes","RBK1","MWMEA24",20250924,10,3,308.182381988242,529.535,2.95239,1.64211321111277,1.27845243843554,0.606126066817543,NA,0.966859120970437,"KCNH2-p.A561V","LQT2"
"174",34,"D3",7904,20251014,"SCVI498c1","2024_DIFF9_CA","20251014_Dofetilide_20251014_Plate_7904_CARIPLO_001_10min","Dofetilide","Control",232,20,"Dofetilide","Dofetilide",0,414200,FALSE,-2.346,4870917.391,0.208,703843768,TRUE,NA,NA,"Stanford_Expanded","D11+25","Tryple",10,"CARIPLO","Yes","RBK1","MWMEA24",20250924,10,2,187.674260156158,414.2,4.870917391,1,1,1,NA,1,"KCNH2-p.A561V","LQT2"
"175",34,"D3",7904,20251014,"SCVI498c1","2024_DIFF9_CA","20251014_Dofetilide_20251014_Plate_7904_CARIPLO_001_1min","Dofetilide","30 nM",232,20,"Dofetilide","Dofetilide",30000,620761,TRUE,-2.63,4514884,0.235,761365448.769,TRUE,NA,NA,"Stanford_Expanded","D11+25","Tryple",1,"CARIPLO","Yes","RBK1","MWMEA24",20250924,1,2,292.146794702456,620.761,4.514884,1.55666948924892,1.49869869628199,0.926906296613069,NA,1.08172506937505,"KCNH2-p.A561V","LQT2"
"176",34,"D3",7904,20251014,"SCVI498c1","2024_DIFF9_CA","20251014_Dofetilide_20251014_Plate_7904_CARIPLO_001_1min","Dofetilide","Control",232,20,"Dofetilide","Dofetilide",0,414200,FALSE,-2.346,4870917.391,0.208,703843768,TRUE,NA,NA,"Stanford_Expanded","D11+25","Tryple",1,"CARIPLO","Yes","RBK1","MWMEA24",20250924,1,2,187.674260156158,414.2,4.870917391,1,1,1,NA,1,"KCNH2-p.A561V","LQT2"
"177",34,"D4",7904,20251014,"SCVI498c1","2024_DIFF9_CA","20251014_DMSO_20251014_Plate_7904_CARIPLO_001_10min","DMSO","30 nM",208,21,"DMSO","DMSO",30000,520412,TRUE,-3.248,2235786.538,0.145,944438875.245,TRUE,NA,22.707,"Stanford_Expanded","D11+25","Tryple",10,"CARIPLO","Yes","RBK1","MWMEA24",20250924,10,2,348.042383211167,520.412,2.235786538,1.120817511272,0.95230357361792,0.721906600974277,0.999163953181378,0.929460400395801,"KCNH2-p.A561V","LQT2"
"178",34,"D4",7904,20251014,"SCVI498c1","2024_DIFF9_CA","20251014_DMSO_20251014_Plate_7904_CARIPLO_001_10min","DMSO","Control",208,21,"DMSO","DMSO",0,546477,TRUE,-3.908,3097057.895,0.018,1016115237.231,TRUE,NA,22.726,"Stanford_Expanded","D11+25","Tryple",10,"CARIPLO","Yes","RBK1","MWMEA24",20250924,10,3,310.525468875105,546.477,3.097057895,1.00009516402068,1.00009516402068,1,1,1,"KCNH2-p.A561V","LQT2"
"179",34,"D4",7904,20251014,"SCVI498c1","2024_DIFF9_CA","20251014_DMSO_20251014_Plate_7904_CARIPLO_001_1min","DMSO","30 nM",208,21,"DMSO","DMSO",30000,558467,TRUE,-3.789,3042539.474,0.069,997827507.385,TRUE,NA,23.376,"Stanford_Expanded","D11+25","Tryple",1,"CARIPLO","Yes","RBK1","MWMEA24",20250924,1,2,320.169092382169,558.467,3.042539474,1.0310558214178,1.02194053912607,0.982396705890446,1.02860160168969,0.9820023072424,"KCNH2-p.A561V","LQT2"
"180",34,"D4",7904,20251014,"SCVI498c1","2024_DIFF9_CA","20251014_DMSO_20251014_Plate_7904_CARIPLO_001_1min","DMSO","Control",208,21,"DMSO","DMSO",0,546425,TRUE,-3.908,3097057.895,0.018,1016115237.231,TRUE,NA,22.726,"Stanford_Expanded","D11+25","Tryple",1,"CARIPLO","Yes","RBK1","MWMEA24",20250924,1,3,310.495920834874,546.425,3.097057895,1,1,1,1,1,"KCNH2-p.A561V","LQT2"
"181",42,"C3",7904,20251014,"SCVI498c1","2024_DIFF9_CA","20251014_Dofetilide_20251014_Plate_7904_CARIPLO_001_10min","Dofetilide","30 nM",219,14,"Dofetilide","Dofetilide",30000,607729,TRUE,-1.53,2550967.391,0.022,600247788.766,TRUE,NA,28.651,"Stanford_Expanded","D11+25","Tryple",10,"CARIPLO","Yes","RBK1","MWMEA24",20250924,10,3,380.502493611889,607.729,2.550967391,1.2928608283197,1.19139188394432,0.849191659672048,0.706037456875308,0.882816407376083,"KCNH2-p.A561V","LQT2"
"182",42,"C3",7904,20251014,"SCVI498c1","2024_DIFF9_CA","20251014_Dofetilide_20251014_Plate_7904_CARIPLO_001_10min","Dofetilide","Control",219,14,"Dofetilide","Dofetilide",0,510100,FALSE,-1.756,3003994.872,0.021,679923689.4,TRUE,NA,40.58,"Stanford_Expanded","D11+25","Tryple",10,"CARIPLO","Yes","RBK1","MWMEA24",20250924,10,3,294.310482054298,510.1,3.003994872,1,1,1,1,1,"KCNH2-p.A561V","LQT2"
"183",42,"C3",7904,20251014,"SCVI498c1","2024_DIFF9_CA","20251014_Dofetilide_20251014_Plate_7904_CARIPLO_001_1min","Dofetilide","30 nM",219,14,"Dofetilide","Dofetilide",30000,631187,TRUE,-1.726,3274317.143,0.05,664948846.667,TRUE,NA,38.17,"Stanford_Expanded","D11+25","Tryple",1,"CARIPLO","Yes","RBK1","MWMEA24",20250924,1,3,348.817025656628,631.187,3.274317143,1.18520082336814,1.23737894530484,1.08998759402676,0.940611138491868,0.977975700852232,"KCNH2-p.A561V","LQT2"
"184",42,"C3",7904,20251014,"SCVI498c1","2024_DIFF9_CA","20251014_Dofetilide_20251014_Plate_7904_CARIPLO_001_1min","Dofetilide","Control",219,14,"Dofetilide","Dofetilide",0,510100,FALSE,-1.756,3003994.872,0.021,679923689.4,TRUE,NA,40.58,"Stanford_Expanded","D11+25","Tryple",1,"CARIPLO","Yes","RBK1","MWMEA24",20250924,1,3,294.310482054298,510.1,3.003994872,1,1,1,1,1,"KCNH2-p.A561V","LQT2"
"185",43,"C2",7904,20251014,"SCVI498c1","2024_DIFF9_CA","20251014_RBK_20251014_Plate_7904_CARIPLO_001_10min","RBK","1 pM",242,13,"RBK","RBK",0,397909,TRUE,-3.463,1776185.075,0.045,1227806462.294,TRUE,NA,24.377,"Stanford_Expanded","D11+25","Tryple",10,"CARIPLO","Yes","RBK1","MWMEA24",20250924,10,3,298.565521693752,397.909,1.776185075,1.50625856784768,0.912216872994039,0.366772817473651,0.44701373480278,1.3602199125398,"KCNH2-p.A561V","LQT2"
"186",43,"C2",7904,20251014,"SCVI498c1","2024_DIFF9_CA","20251014_RBK_20251014_Plate_7904_CARIPLO_001_10min","RBK","Control",242,13,"RBK","RBK",0,436200,FALSE,-3.295,4842739.13,0.309,902652910,TRUE,NA,54.533,"Stanford_Expanded","D11+25","Tryple",10,"CARIPLO","Yes","RBK1","MWMEA24",20250924,10,2,198.216646243133,436.2,4.84273913,1,1,1,1,1,"KCNH2-p.A561V","LQT2"
"187",43,"C2",7904,20251014,"SCVI498c1","2024_DIFF9_CA","20251014_RBK_20251014_Plate_7904_CARIPLO_001_1min","RBK","1 pM",242,13,"RBK","RBK",0,427883,TRUE,-2.884,2337980,0.035,1108850610.588,TRUE,NA,22.034,"Stanford_Expanded","D11+25","Tryple",1,"CARIPLO","Yes","RBK1","MWMEA24",20250924,1,3,279.836677789453,427.883,2.33798,1.41177183194899,0.98093305823017,0.482780496169324,0.404048924504428,1.22843520283782,"KCNH2-p.A561V","LQT2"
"188",43,"C2",7904,20251014,"SCVI498c1","2024_DIFF9_CA","20251014_RBK_20251014_Plate_7904_CARIPLO_001_1min","RBK","Control",242,13,"RBK","RBK",0,436200,FALSE,-3.295,4842739.13,0.309,902652910,TRUE,NA,54.533,"Stanford_Expanded","D11+25","Tryple",1,"CARIPLO","Yes","RBK1","MWMEA24",20250924,1,2,198.216646243133,436.2,4.84273913,1,1,1,1,1,"KCNH2-p.A561V","LQT2"
