ID,Disease,Variant,Basal QTc (ms),Schwartz Score,Cardiac Events,Classification
1,LQT1,A341V,501,6,Yes,Pathogenic
2,LQT1,A341V,676,6,Yes,Pathogenic
3,LQT1,A341V,494,6.5,Yes,Pathogenic
4,LQT1,A341V,469,5.5,Yes,Pathogenic
5,LQT1,A341V,561,6.5,Yes,Pathogenic
6,LQT1,A341V,477,5.5,Yes,Pathogenic
7,LQT1,A341V,604,6,Yes,Pathogenic
8,LQT1,A341V,523,6,Yes,Pathogenic
9,LQT1,A341V,528,6.5,Yes,Pathogenic
10,LQT1,A341V,493,4.5,No,Pathogenic
11,LQT1,A341V,483,4,No,Pathogenic
12,LQT1,A341V,534,4,No,Pathogenic
13,LQT1,A341V,470,5,Yes,Pathogenic
14,LQT1,A341V,534,6,Yes,Pathogenic
15,LQT1,A341V,458,4,Yes,Pathogenic
16,LQT1,A341V,445,1.5,No,Pathogenic
17,LQT1,A341V,513,6,Yes,Pathogenic
18,LQT1,A341V,472,5,Yes,Pathogenic
19,LQT1,A341V,479,5,Yes,Pathogenic
20,LQT1,A341V,445,3,Yes,Pathogenic
21,LQT1,A341V,548,6,Yes,Pathogenic
22,LQT1,A341V,520,6,Yes,Pathogenic
23,LQT1,A341V,503,5,Yes,Pathogenic
24,LQT1,A341V,503,6.5,Yes,Pathogenic
25,LQT1,A341V,482,6.5,Yes,Pathogenic
26,LQT1,A341V,483,4,No,Pathogenic
27,LQT1,A341V,480,4,No,Pathogenic
28,LQT1,A341V,677,6,Yes,Pathogenic
29,LQT1,A341V,476,5.5,Yes,Pathogenic
30,LQT1,A341V,460,5.5,Yes,Pathogenic
31,LQT1,A341V,524,6.5,Yes,Pathogenic
32,LQT1,A341V,639,6.5,Yes,Pathogenic
33,LQT1,A341V,543,6.5,Yes,Pathogenic
34,LQT1,A341V,461,5.5,Yes,Pathogenic
35,LQT1,A341V,467,5.5,Yes,Pathogenic
36,LQT1,A341V,462,5.5,Yes,Pathogenic
37,LQT1,A341V,472,5.5,Yes,Pathogenic
38,LQT1,A341V,593,6,Yes,Pathogenic
39,LQT1,A341V,591,6,Yes,Pathogenic
40,LQT1,A341V,508,6,Yes,Pathogenic
41,LQT1,A341V,500,6,Yes,Pathogenic
42,LQT1,A341V,544,6,Yes,Pathogenic
43,LQT1,A341V,480,6,Yes,Pathogenic
44,LQT1,A341V,474,5,Yes,Pathogenic
45,LQT1,A341V,446,3.5,Yes,Pathogenic
46,LQT1,A341V,518,6,Yes,Pathogenic
47,LQT1,A341V,445,3,Yes,Pathogenic
48,LQT1,A341V,521,4,No,Pathogenic
49,LQT1,A341V,504,6.5,Yes,Pathogenic
50,LQT1,A341V,500,6,Yes,Pathogenic
51,LQT1,A341V,506,5,Yes,Pathogenic
52,LQT1,A341V,486,6.5,Yes,Pathogenic
53,LQT1,A341V,504,6,Yes,Pathogenic
54,LQT1,A341V,406,1,No,Pathogenic
55,LQT1,A341V,464,5,Yes,Pathogenic
56,LQT1,A341V,464,3.5,No,Pathogenic
57,LQT1,A341V,465,5,Yes,Pathogenic
58,LQT1,A341V,467,5,Yes,Pathogenic
59,LQT1,A341V,501,6,Yes,Pathogenic
60,LQT1,A341V,423,1,No,Pathogenic
61,LQT1,A341V,466,3,No,Pathogenic
62,LQT1,A341V,471,5,Yes,Pathogenic
63,LQT1,A341V,438,3,Yes,Pathogenic
64,LQT1,A341V,603,6,Yes,Pathogenic
65,LQT1,A341V,481,6,Yes,Pathogenic
66,LQT1,A341V,513,6.5,Yes,Pathogenic
67,LQT1,A341V,473,5.5,Yes,Pathogenic
68,LQT1,A341V,488,4.5,No,Pathogenic
69,LQT1,A341V,457,1,No,Pathogenic
70,LQT1,A341V,486,3.5,No,Pathogenic
71,LQT1,A341V,470,5.5,Yes,Pathogenic
72,LQT1,A341V,517,6,Yes,Pathogenic
73,LQT1,A341V,518,6,Yes,Pathogenic
74,LQT1,A341V,457,4,Yes,Pathogenic
75,LQT1,A341V,458,2,No,Pathogenic
76,LQT1,A341V,515,6,Yes,Pathogenic
77,LQT1,A341V,506,6.5,Yes,Pathogenic
78,LQT1,A341V,479,5,Yes,Pathogenic
79,LQT1,A341V,456,3.5,Yes,Pathogenic
80,LQT1,A341V,488,6.5,Yes,Pathogenic
81,LQT1,A341V,529,6,Yes,Pathogenic
82,LQT1,A341V,467,5.5,Yes,Pathogenic
83,LQT1,A341V,473,3,No,Pathogenic
84,LQT1,A341V,457,2,No,Pathogenic
85,LQT1,A341V,549,4,No,Pathogenic
86,LQT1,A341V,491,6,Yes,Pathogenic
87,LQT1,A341V,452,4,Yes,Pathogenic
88,LQT1,A341V,492,6,Yes,Pathogenic
89,LQT1,A341V,468,5,Yes,Pathogenic
90,LQT1,A341V,412,3,Yes,Pathogenic
91,LQT1,A341V,455,2,No,Pathogenic
92,LQT1,A341V,510,6.5,Yes,Pathogenic
93,LQT1,A341V,566,6.5,Yes,Pathogenic
94,LQT1,A341V,478,5.5,Yes,Pathogenic
95,LQT1,A341V,470,3,No,Pathogenic
96,LQT1,A341V,512,6,Yes,Pathogenic
97,LQT1,A341V,506,4,No,Pathogenic
98,LQT1,A341V,472,3,No,Pathogenic
99,LQT1,A341V,497,6,Yes,Pathogenic
100,LQT1,A341V,492,6,Yes,Pathogenic
101,LQT1,A341V,453,3,Yes,Pathogenic
102,LQT1,A341V,458,3,Yes,Pathogenic
103,LQT1,A341V,495,4,No,Pathogenic
104,LQT1,A341V,473,5,Yes,Pathogenic
105,LQT1,A341V,457,4,Yes,Pathogenic
106,LQT1,A341V,462,5,Yes,Pathogenic
107,LQT1,A341V,530,6.5,Yes,Pathogenic
108,LQT1,A341V,454,4.5,Yes,Pathogenic
109,LQT1,A341V,432,3.5,Yes,Pathogenic
110,LQT1,A341V,420,1.5,No,Pathogenic
111,LQT1,A341V,458,3,Yes,Pathogenic
112,LQT1,A341V,442,1.5,No,Pathogenic
113,LQT1,A341V,463,5.5,Yes,Pathogenic
114,LQT1,A341V,469,6,Yes,Pathogenic
115,LQT1,A341V,479,6.5,Yes,Pathogenic
116,LQT1,A341V,466,5.5,Yes,Pathogenic
117,LQT1,A341V,454,1,No,Pathogenic
118,LQT1,A341V,497,4,No,Pathogenic
119,LQT1,A341V,471,5,Yes,Pathogenic
120,LQT1,A341V,427,3.5,Yes,Pathogenic
121,LQT1,A341V,505,4.5,No,Pathogenic
122,LQT1,A341V,472,5,Yes,Pathogenic
123,LQT1,A341V,414,3,Yes,Pathogenic
124,LQT1,A341V,548,6.5,Yes,Pathogenic
125,LQT1,A341V,486,6,Yes,Pathogenic
126,LQT1,A341V,525,6.5,Yes,Pathogenic
127,LQT1,A341V,468,3.5,No,Pathogenic
128,LQT1,A341V,421,3.5,Yes,Pathogenic
129,LQT1,A341V,476,3,No,Pathogenic
130,LQT1,A341V,445,1,No,Pathogenic
131,LQT1,A341V,497,4.5,No,Pathogenic
132,LQT1,A341V,538,6,Yes,Pathogenic
133,LQT1,A341V,430,1,No,Pathogenic
134,LQT1,A341V,503,6.5,Yes,Pathogenic
135,LQT1,A341V,446,1.5,No,Pathogenic
136,LQT1,A341V,519,6,Yes,Pathogenic
137,LQT1,A341V,413,3,Yes,Pathogenic
138,LQT1,A341V,506,4.5,No,Pathogenic
139,LQT1,A341V,492,4,No,Pathogenic
140,LQT1,A341V,450,3,Yes,Pathogenic
141,LQT1,A341V,496,6,Yes,Pathogenic
142,LQT1,A341V,477,5,Yes,Pathogenic
143,LQT1,A341V,521,6,Yes,Pathogenic
144,LQT1,A341V,516,6,Yes,Pathogenic
145,LQT1,A341V,485,4,No,Pathogenic
146,LQT1,A341V,521,4.5,No,Pathogenic
147,LQT1,A341V,440,1.5,No,Pathogenic
148,LQT1,A341V,522,6.5,Yes,Pathogenic
149,LQT1,A341V,439,3,Yes,Pathogenic
150,LQT1,A341V,400,3,Yes,Pathogenic
151,LQT1,A341V,424,1,No,Pathogenic
152,LQT1,A341V,541,6.5,Yes,Pathogenic
153,LQT1,A341V,483,4,No,Pathogenic
154,LQT1,A341V,466,5,Yes,Pathogenic
155,LQT1,A341V,463,3,No,Pathogenic
156,LQT1,A341V,490,3,No,Pathogenic
157,LQT1,A341V,461,3,No,Pathogenic
158,LQT1,A341V,422,3,Yes,Pathogenic
159,LQT1,A341V,512,6,Yes,Pathogenic
160,LQT1,A341V,490,6,Yes,Pathogenic
161,LQT1,A341V,493,4,No,Pathogenic
162,LQT1,R190W,NA,NA,NA,Pathogenic
170,LQT1,R190W,437,1,No,Pathogenic
192,LQT1,R190W,453,NA,No,Pathogenic
193,LQT1,R190W,NA,NA,No,Pathogenic
198,LQT1,R190W,482,4,No,Pathogenic
199,LQT1,R190W,422,1,No,Pathogenic
216,LQT1,R190W,469,NA,No,Pathogenic
225,LQT1,A341V,473,5.5,Yes,Pathogenic
227,LQT1,A341V,452,3.5,Yes,Pathogenic
231,LQT1,R190W,465,4,No,Pathogenic
257,LQT1,R190W,NA,NA,NA,Pathogenic
258,LQT1,R190W,NA,NA,NA,Pathogenic
283,LQT1,R190W,476,NA,No,Pathogenic
286,LQT1,R190W,490,4,Yes,Pathogenic
290,LQT2,R366*,482,5.5,No,Pathogenic
301,JLNS,R190W,580,NA,Yes,Pathogenic
339,LQT1,R190W,414,2,No,Pathogenic
356,LQT1,R190W,458,2,No,Pathogenic
386,LQT1,R594Q,482,4,No,Pathogenic
389,LQT1,R190W,482,5,No,Pathogenic
408,LQT1,R190W,NA,NA,NA,Pathogenic
418,LQT1,R190W,469,3,No,Pathogenic
435,LQT1,R190W,458,3,No,Pathogenic
436,LQT1,R190W,490,4,No,Pathogenic
468,LQT1,R190W,412,1,No,Pathogenic
473,LQT2,A561V,519,6,Yes,Pathogenic
482,LQT1,R594Q,NA,NA,NA,Pathogenic
496,LQT1,R190W,446,2,Yes,Pathogenic
500,LQT1,R190W,474,3,No,Pathogenic
533,LQT1,R190W,497,4,No,Pathogenic
538,LQT1,R190W,450,2,No,Pathogenic
545,LQT1,R594Q,NA,NA,NA,Pathogenic
553,LQT1,R594Q,443,1,No,Pathogenic
562,LQT1,R190W,512,4,No,Pathogenic
606,LQT1,R190W,NA,NA,NA,Pathogenic
617,LQT1,R190W,466,3,No,Pathogenic
619,LQT1,R190W,471,4,No,Pathogenic
631,LQT1,R190W,468,3,No,Pathogenic
632,LQT1,R190W,494,4,No,Pathogenic
637,LQT1,R190W,413,1,No,Pathogenic
642,LQT1,R190W,NA,NA,NA,Pathogenic
645,LQT2,A561V,510,6,Yes,Pathogenic
648,LQT1,R190W,455,3,No,Pathogenic
652,LQT1,R190W,NA,NA,NA,Pathogenic
653,LQT1,R190W,431,3,No,Pathogenic
658,LQT1,R190W,451,1,No,Pathogenic
680,LQT1,R190W,NA,NA,NA,Pathogenic
716,LQT1,R190W,453,1,No,Pathogenic
731,LQT1,R190W,470,3,No,Pathogenic
741,LQT1,R190W,485,4,No,Pathogenic
742,LQT1,R190W,408,1,No,Pathogenic
744,LQT1,R190W,444,1,No,Pathogenic
745,LQT1,R190W,NA,NA,NA,Pathogenic
749,LQT1,R594Q,490,NA,Yes,Pathogenic
763,LQT1,R190W,525,4,No,Pathogenic
767,LQT1,R190W,387,1,No,Pathogenic
787,LQT1,R190W,NA,NA,NA,Pathogenic
789,LQT1,R190W,NA,NA,NA,Pathogenic
820,LQT1,R190W,418,2,No,Pathogenic
827,LQT1,R190W,596,5,No,Pathogenic
831,LQT1,R190W,530,4,No,Pathogenic
888,LQT1,R190W,495,4.5,No,Pathogenic
895,LQT1,R190W,498,6,No,Pathogenic
896,LQT1,R190W,533,5,No,Pathogenic
911,LQT1,R190W,479,5,No,Pathogenic
924,LQT1,R190W,458,1,No,Pathogenic
928,LQT1,R190W,464,4,No,Pathogenic
949,LQT1,R190W,465,4,No,Pathogenic
950,LQT1,R190W,435,2,No,Pathogenic
953,LQT1,R190W,503,4,No,Pathogenic
955,LQT1,R190W,458,1,No,Pathogenic
967,LQT1,R190W,558,3,No,Pathogenic
1002,LQT1,R190W,486,6,No,Pathogenic
1004,LQT1,R190W,485,6,No,Pathogenic
1006,LQT1,R190W,483,4,No,Pathogenic
1007,LQT1,R190W,462,3,No,Pathogenic
1037,LQT1,R190W,NA,NA,NA,Pathogenic
1042,LQT1,R190W,420,NA,No,Pathogenic
1084,LQT1,R190W,NA,NA,NA,Pathogenic
1088,JLNS,R190W & R594Q,578,7.5,Yes,Pathogenic
1088,JLNS,R594Q,551,NA,Yes,Pathogenic
1109,LQT1,R594Q,448,1,No,Pathogenic
1115,LQT1,R190W,454,1,No,Pathogenic
1123,LQT1,R190W,443,1,No,Pathogenic
1126,LQT1,R190W,435,2,No,Pathogenic
1128,LQT2,A561V,557,5,No,Pathogenic
1133,LQT2,A561V,559,5,No,Pathogenic
1151,LQT1,R190W,433,1,No,Pathogenic
1177,LQT1,R190W,474,6,Yes,Pathogenic
1178,LQT1,R190W,430,1,No,Pathogenic
1179,LQT1,R190W,446,1,No,Pathogenic
1186,LQT1,R594Q,NA,NA,NA,Pathogenic
1190,LQT2,R366*,458,3,No,Pathogenic
1197,LQT2,R366*,572,5.5,No,Pathogenic
1201,LQT2,R366*,480,5.5,No,Pathogenic
1203,LQT2,R366*,622,7.5,Yes,Pathogenic
1205,LQT2,R366*,508,5.5,No,Pathogenic
1207,LQT1,R190W,NA,NA,NA,Pathogenic
1224,LQT1,R190W,NA,NA,NA,Pathogenic
1240,LQT1,R190W,473,4,No,Pathogenic
1241,LQT1,A341V,485,4.5,No,Pathogenic
1244,LQT1,A341V,574,6.5,Yes,Pathogenic
1261,LQT1,R190W,443,1.5,No,Pathogenic
1278,LQT2,R366*,443,1,No,Pathogenic
1287,LQT1,R190W,NA,NA,NA,Pathogenic
1295,LQT1,R190W,NA,NA,NA,Pathogenic
1345,LQT1,R190W,413,1,No,Pathogenic
1352,LQT1,R594Q,481,6,Yes,Pathogenic
1366,LQT2,R366*,521,4.5,No,Pathogenic
1370,LQT2,R366*,457,2.5,No,Pathogenic
1373,LQT2,R366*,469,4.5,No,Pathogenic
1378,LQT1,R190W,NA,NA,NA,Pathogenic
1386,LQT1,R190W,450,2,No,Pathogenic
1388,LQT1,R190W,393,2,No,Pathogenic
1407,LQT1,R594Q,NA,NA,NA,Pathogenic
1408,LQT1,R594Q,NA,NA,NA,Pathogenic
1415,LQT1,R190W,NA,NA,NA,Pathogenic
1416,LQT1,R190W,474,3,No,Pathogenic
1417,LQT1,R190W,496,5,No,Pathogenic
1421,LQT1,R190W,438,2,No,Pathogenic
1424,LQT1,R594Q,447,NA,No,Pathogenic
1443,LQT1,R190W,471,4,No,Pathogenic
1459,LQT1,R190W,400,1,No,Pathogenic
1485,LQT1,R190W,471,3,No,Pathogenic
1500,LQT1,R190W,453,2,No,Pathogenic
1503,LQT1,R190W,450,2,No,Pathogenic
1513,LQT1,R190W,NA,NA,NA,Pathogenic
1528,LQT2,R366*,NA,NA,NA,Pathogenic
1540,LQT1,R190W,434,3,No,Pathogenic
1609,LQT1,R190W,444,2,No,Pathogenic
1617,LQT2,A561V,590,6,Yes,Pathogenic
1624,LQT1,R190W,452,1,No,Pathogenic
1630,LQT1,R190W,475,4,No,Pathogenic
1632,LQT2,R366*,NA,NA,NA,Pathogenic
1635,LQT1,R190W,500,3,No,Pathogenic
1702,LQT1,R190W,511,NA,NA,Pathogenic
1703,LQT1,R594Q,650,NA,Yes,Pathogenic
1704,LQT1,R594Q,445,NA,No,Pathogenic
1705,LQT1,R594Q,500,4,Yes,Pathogenic
1706,LQT1,R594Q,474,NA,NA,Pathogenic
1707,LQT1,A341V,470,4,Yes,Pathogenic
1708,LQT1,A341V,462,4,Yes,Pathogenic
1709,LQT1,A341V,478,4,Yes,Pathogenic
1710,LQT1,A341V,446,2,No,Pathogenic
1711,LQT1,A341V,475,4.5,Yes,Pathogenic
1712,LQT1,A341V,456,4,Yes,Pathogenic
1713,LQT1,A341V,600,NA,Yes,Pathogenic
1714,LQT1,A341V,500,NA,NA,Pathogenic
1715,LQT1,A341V,647,NA,Yes,Pathogenic
1716,LQT1,A341V,524,NA,Yes,Pathogenic
1717,LQT1,A341V,496,NA,Yes,Pathogenic
1718,LQT1,A341V,503,NA,Yes,Pathogenic
1719,LQT1,A341V,544,NA,Yes,Pathogenic
1720,LQT1,A341V,524,5,Yes,Pathogenic
1721,LQT1,A341V,479,NA,Yes,Pathogenic
1722,LQT1,A341V,499,NA,Yes,Pathogenic
1723,LQT1,A341V,543,NA,Yes,Pathogenic
1724,LQT1,A341V,480,3,Yes,Pathogenic
1725,LQT2,A561V,570,3,No,Pathogenic
1726,LQT2,A561V,520,5,Yes,Pathogenic
1727,LQT2,A561V,540,5,Yes,Pathogenic
1728,LQT2,A561V,580,4,No,Pathogenic
1729,LQT2,A561V,517,NA,Yes,Pathogenic
1730,LQT2,A561V,472,NA,Yes,Pathogenic
1731,LQT2,A561V,584,NA,Yes,Pathogenic
1732,LQT2,A561V,546,NA,Yes,Pathogenic
