"","Voltage","Cell","Current Density","Group"
"1",-40,"20210413_Cell2_WTC-11",-0.140459908642941,"WT"
"2",-40,"20210413_Cell3_WTC-11",0.256998424148987,"WT"
"3",-40,"20210413_Cell4_WTC-11",0.122251306838061,"WT"
"4",-40,"20210505_Cell1_WTC-11",0.461943722978421,"WT"
"5",-40,"20210505_Cell5_WTC-11",NA,"WT"
"6",-40,"20210505_Cell6_WTC-11",NA,"WT"
"7",-40,"20210622_Cell2_WTC-11",1.5707456480782,"WT"
"8",-40,"20210622_Cell4_WTC-11",0.182987358835008,"WT"
"9",-40,"20210622_Cell7_WTC-11",NA,"WT"
"10",-40,"20210622_Cell8_WTC-11",-0.503740426410986,"WT"
"11",-40,"20210622_Cell9_WTC-11",1.42005679481908,"WT"
"12",-40,"20210622_Cell12_WTC-11",0.258315326221113,"WT"
"13",-40,"20210622_Cell13_WTC-11",-1.65511255992714,"WT"
"14",-40,"20210622_Cell14_WTC-11",-0.0863357354953273,"WT"
"15",-40,"20210622_Cell15_WTC-11",-0.0391895595751745,"WT"
"16",-40,"20210622_Cell16_WTC-11",3.59387232134503,"WT"
"17",-40,"20210623_Cell5_WTC-11",0.0757860900001636,"WT"
"18",-40,"20210623_Cell6_WTC-11",-0.097869346011897,"WT"
"19",-40,"20210623_Cell7_WTC-11",-0.0584814194086433,"WT"
"20",-40,"20210723_Cell13_WTC-11",-0.239395382995522,"WT"
"21",-40,"20210723_Cell18_WTC-11",0.412598450382172,"WT"
"22",-40,"20210726_Cell2_WTC-11",NA,"WT"
"23",-40,"20210726_Cell7_WTC-11",0.057898397619442,"WT"
"24",-40,"20210802_Cell7_WTC-11",0.091466717115491,"WT"
"25",-30,"20210413_Cell2_WTC-11",-0.202847408343144,"WT"
"26",-30,"20210413_Cell3_WTC-11",-0.230262072507785,"WT"
"27",-30,"20210413_Cell4_WTC-11",0.128766907671583,"WT"
"28",-30,"20210505_Cell1_WTC-11",0.227810355681407,"WT"
"29",-30,"20210505_Cell5_WTC-11",NA,"WT"
"30",-30,"20210505_Cell6_WTC-11",NA,"WT"
"31",-30,"20210622_Cell2_WTC-11",2.28521152712264,"WT"
"32",-30,"20210622_Cell4_WTC-11",0.0644302103254528,"WT"
"33",-30,"20210622_Cell7_WTC-11",NA,"WT"
"34",-30,"20210622_Cell8_WTC-11",-0.343745333335932,"WT"
"35",-30,"20210622_Cell9_WTC-11",1.36134445458128,"WT"
"36",-30,"20210622_Cell12_WTC-11",0.206612798927601,"WT"
"37",-30,"20210622_Cell13_WTC-11",-2.16318905573292,"WT"
"38",-30,"20210622_Cell14_WTC-11",0.128969706041493,"WT"
"39",-30,"20210622_Cell15_WTC-11",-0.368778097818953,"WT"
"40",-30,"20210622_Cell16_WTC-11",4.7642294039839,"WT"
"41",-30,"20210623_Cell5_WTC-11",0.0756353735343381,"WT"
"42",-30,"20210623_Cell6_WTC-11",0.429907070821665,"WT"
"43",-30,"20210623_Cell7_WTC-11",-0.090126067668468,"WT"
"44",-30,"20210723_Cell13_WTC-11",-0.489486724875131,"WT"
"45",-30,"20210723_Cell18_WTC-11",0.88442262142494,"WT"
"46",-30,"20210726_Cell2_WTC-11",NA,"WT"
"47",-30,"20210726_Cell7_WTC-11",0.100655736511718,"WT"
"48",-30,"20210802_Cell7_WTC-11",0.0705587952513335,"WT"
"49",-20,"20210413_Cell2_WTC-11",-0.0290788211848613,"WT"
"50",-20,"20210413_Cell3_WTC-11",-0.548260432788443,"WT"
"51",-20,"20210413_Cell4_WTC-11",0.157804284476599,"WT"
"52",-20,"20210505_Cell1_WTC-11",0.43215932725351,"WT"
"53",-20,"20210505_Cell5_WTC-11",NA,"WT"
"54",-20,"20210505_Cell6_WTC-11",NA,"WT"
"55",-20,"20210622_Cell2_WTC-11",3.65409908654555,"WT"
"56",-20,"20210622_Cell4_WTC-11",0.0496817330519358,"WT"
"57",-20,"20210622_Cell7_WTC-11",NA,"WT"
"58",-20,"20210622_Cell8_WTC-11",-0.189228412849432,"WT"
"59",-20,"20210622_Cell9_WTC-11",1.64919562088816,"WT"
"60",-20,"20210622_Cell12_WTC-11",0.1546490007867,"WT"
"61",-20,"20210622_Cell13_WTC-11",-2.70121245740113,"WT"
"62",-20,"20210622_Cell14_WTC-11",0.27830170734981,"WT"
"63",-20,"20210622_Cell15_WTC-11",-0.488976657308759,"WT"
"64",-20,"20210622_Cell16_WTC-11",5.98703693158503,"WT"
"65",-20,"20210623_Cell5_WTC-11",0.256257913659838,"WT"
"66",-20,"20210623_Cell6_WTC-11",0.708027925181227,"WT"
"67",-20,"20210623_Cell7_WTC-11",-0.0428129719184326,"WT"
"68",-20,"20210723_Cell13_WTC-11",-0.449363487307397,"WT"
"69",-20,"20210723_Cell18_WTC-11",1.28931684328242,"WT"
"70",-20,"20210726_Cell2_WTC-11",NA,"WT"
"71",-20,"20210726_Cell7_WTC-11",0.220367222465918,"WT"
"72",-20,"20210802_Cell7_WTC-11",0.102070328447497,"WT"
"73",-10,"20210413_Cell2_WTC-11",0.386817623548396,"WT"
"74",-10,"20210413_Cell3_WTC-11",-0.454079808675007,"WT"
"75",-10,"20210413_Cell4_WTC-11",0.492378276408147,"WT"
"76",-10,"20210505_Cell1_WTC-11",1.31452946723262,"WT"
"77",-10,"20210505_Cell5_WTC-11",NA,"WT"
"78",-10,"20210505_Cell6_WTC-11",NA,"WT"
"79",-10,"20210622_Cell2_WTC-11",5.21524278172906,"WT"
"80",-10,"20210622_Cell4_WTC-11",0.025085480676757,"WT"
"81",-10,"20210622_Cell7_WTC-11",NA,"WT"
"82",-10,"20210622_Cell8_WTC-11",0.265705140249014,"WT"
"83",-10,"20210622_Cell9_WTC-11",1.64286670350192,"WT"
"84",-10,"20210622_Cell12_WTC-11",0.203114620585416,"WT"
"85",-10,"20210622_Cell13_WTC-11",-2.32541295081229,"WT"
"86",-10,"20210622_Cell14_WTC-11",0.507250013855237,"WT"
"87",-10,"20210622_Cell15_WTC-11",-0.617783658117337,"WT"
"88",-10,"20210622_Cell16_WTC-11",7.51266766383266,"WT"
"89",-10,"20210623_Cell5_WTC-11",0.765417536256149,"WT"
"90",-10,"20210623_Cell6_WTC-11",1.19030363921325,"WT"
"91",-10,"20210623_Cell7_WTC-11",0.109118362804791,"WT"
"92",-10,"20210723_Cell13_WTC-11",-0.395865996642709,"WT"
"93",-10,"20210723_Cell18_WTC-11",1.79576516526957,"WT"
"94",-10,"20210726_Cell2_WTC-11",NA,"WT"
"95",-10,"20210726_Cell7_WTC-11",0.22931736173335,"WT"
"96",-10,"20210802_Cell7_WTC-11",0.094582873421972,"WT"
"97",0,"20210413_Cell2_WTC-11",1.38675954997703,"WT"
"98",0,"20210413_Cell3_WTC-11",0.259318197147414,"WT"
"99",0,"20210413_Cell4_WTC-11",1.33878306748745,"WT"
"100",0,"20210505_Cell1_WTC-11",1.48857490925849,"WT"
"101",0,"20210505_Cell5_WTC-11",NA,"WT"
"102",0,"20210505_Cell6_WTC-11",NA,"WT"
"103",0,"20210622_Cell2_WTC-11",6.61996172059257,"WT"
"104",0,"20210622_Cell4_WTC-11",0.00682385762532553,"WT"
"105",0,"20210622_Cell7_WTC-11",NA,"WT"
"106",0,"20210622_Cell8_WTC-11",1.0193521458311,"WT"
"107",0,"20210622_Cell9_WTC-11",2.1168068333676,"WT"
"108",0,"20210622_Cell12_WTC-11",0.371435423008931,"WT"
"109",0,"20210622_Cell13_WTC-11",-2.37787714103991,"WT"
"110",0,"20210622_Cell14_WTC-11",0.62697256951085,"WT"
"111",0,"20210622_Cell15_WTC-11",0.043489776858003,"WT"
"112",0,"20210622_Cell16_WTC-11",9.043774524583,"WT"
"113",0,"20210623_Cell5_WTC-11",1.2600970170009,"WT"
"114",0,"20210623_Cell6_WTC-11",2.08135207064216,"WT"
"115",0,"20210623_Cell7_WTC-11",0.503045417167041,"WT"
"116",0,"20210723_Cell13_WTC-11",0.392479768258134,"WT"
"117",0,"20210723_Cell18_WTC-11",2.62506902962647,"WT"
"118",0,"20210726_Cell2_WTC-11",NA,"WT"
"119",0,"20210726_Cell7_WTC-11",0.439757785728445,"WT"
"120",0,"20210802_Cell7_WTC-11",0.229412645500002,"WT"
"121",10,"20210413_Cell2_WTC-11",3.02576531734353,"WT"
"122",10,"20210413_Cell3_WTC-11",1.01513156385603,"WT"
"123",10,"20210413_Cell4_WTC-11",2.1278411226939,"WT"
"124",10,"20210505_Cell1_WTC-11",1.4413013941125,"WT"
"125",10,"20210505_Cell5_WTC-11",NA,"WT"
"126",10,"20210505_Cell6_WTC-11",NA,"WT"
"127",10,"20210622_Cell2_WTC-11",8.01472904997049,"WT"
"128",10,"20210622_Cell4_WTC-11",0.0231032735771603,"WT"
"129",10,"20210622_Cell7_WTC-11",NA,"WT"
"130",10,"20210622_Cell8_WTC-11",1.50130739677065,"WT"
"131",10,"20210622_Cell9_WTC-11",2.1196358663994,"WT"
"132",10,"20210622_Cell12_WTC-11",0.737832098415111,"WT"
"133",10,"20210622_Cell13_WTC-11",-2.33578324672972,"WT"
"134",10,"20210622_Cell14_WTC-11",0.781060081119618,"WT"
"135",10,"20210622_Cell15_WTC-11",-0.0511034454231692,"WT"
"136",10,"20210622_Cell16_WTC-11",9.99218541144815,"WT"
"137",10,"20210623_Cell5_WTC-11",1.15111068449358,"WT"
"138",10,"20210623_Cell6_WTC-11",2.8480562206147,"WT"
"139",10,"20210623_Cell7_WTC-11",0.706448211326252,"WT"
"140",10,"20210723_Cell13_WTC-11",0.326324511384021,"WT"
"141",10,"20210723_Cell18_WTC-11",3.64897710621578,"WT"
"142",10,"20210726_Cell2_WTC-11",NA,"WT"
"143",10,"20210726_Cell7_WTC-11",0.921771184116928,"WT"
"144",10,"20210802_Cell7_WTC-11",0.32940475054499,"WT"
"145",20,"20210413_Cell2_WTC-11",3.74917564985026,"WT"
"146",20,"20210413_Cell3_WTC-11",1.36458579472083,"WT"
"147",20,"20210413_Cell4_WTC-11",2.65774157605738,"WT"
"148",20,"20210505_Cell1_WTC-11",1.94462353670144,"WT"
"149",20,"20210505_Cell5_WTC-11",NA,"WT"
"150",20,"20210505_Cell6_WTC-11",NA,"WT"
"151",20,"20210622_Cell2_WTC-11",9.07511815484962,"WT"
"152",20,"20210622_Cell4_WTC-11",0.159652127159966,"WT"
"153",20,"20210622_Cell7_WTC-11",NA,"WT"
"154",20,"20210622_Cell8_WTC-11",2.42113109339955,"WT"
"155",20,"20210622_Cell9_WTC-11",2.47106826514528,"WT"
"156",20,"20210622_Cell12_WTC-11",1.04026684816571,"WT"
"157",20,"20210622_Cell13_WTC-11",-0.875334412081113,"WT"
"158",20,"20210622_Cell14_WTC-11",0.69316276813891,"WT"
"159",20,"20210622_Cell15_WTC-11",0.104798450132606,"WT"
"160",20,"20210622_Cell16_WTC-11",11.3773836046015,"WT"
"161",20,"20210623_Cell5_WTC-11",2.2226871309778,"WT"
"162",20,"20210623_Cell6_WTC-11",3.46142512737498,"WT"
"163",20,"20210623_Cell7_WTC-11",0.751374476664775,"WT"
"164",20,"20210723_Cell13_WTC-11",0.767375040252906,"WT"
"165",20,"20210723_Cell18_WTC-11",4.55546694724069,"WT"
"166",20,"20210726_Cell2_WTC-11",NA,"WT"
"167",20,"20210726_Cell7_WTC-11",1.32367874925489,"WT"
"168",20,"20210802_Cell7_WTC-11",0.580094588477067,"WT"
"169",30,"20210413_Cell2_WTC-11",4.77028634352329,"WT"
"170",30,"20210413_Cell3_WTC-11",1.50763221206994,"WT"
"171",30,"20210413_Cell4_WTC-11",3.32178297393902,"WT"
"172",30,"20210505_Cell1_WTC-11",2.55659900134123,"WT"
"173",30,"20210505_Cell5_WTC-11",NA,"WT"
"174",30,"20210505_Cell6_WTC-11",NA,"WT"
"175",30,"20210622_Cell2_WTC-11",9.79416296617038,"WT"
"176",30,"20210622_Cell4_WTC-11",0.359500911500717,"WT"
"177",30,"20210622_Cell7_WTC-11",NA,"WT"
"178",30,"20210622_Cell8_WTC-11",3.12266879955799,"WT"
"179",30,"20210622_Cell9_WTC-11",2.92137092456483,"WT"
"180",30,"20210622_Cell12_WTC-11",1.46065819318469,"WT"
"181",30,"20210622_Cell13_WTC-11",-0.250390326135236,"WT"
"182",30,"20210622_Cell14_WTC-11",0.677843199064057,"WT"
"183",30,"20210622_Cell15_WTC-11",0.937370266482802,"WT"
"184",30,"20210622_Cell16_WTC-11",13.1985965103888,"WT"
"185",30,"20210623_Cell5_WTC-11",2.32553340263792,"WT"
"186",30,"20210623_Cell6_WTC-11",3.72162716087597,"WT"
"187",30,"20210623_Cell7_WTC-11",0.888772655177757,"WT"
"188",30,"20210723_Cell13_WTC-11",0.942961677107986,"WT"
"189",30,"20210723_Cell18_WTC-11",4.87169084180677,"WT"
"190",30,"20210726_Cell2_WTC-11",NA,"WT"
"191",30,"20210726_Cell7_WTC-11",1.77586103192561,"WT"
"192",30,"20210802_Cell7_WTC-11",0.788019813851829,"WT"
"193",40,"20210413_Cell2_WTC-11",5.34656896986614,"WT"
"194",40,"20210413_Cell3_WTC-11",2.50594258276859,"WT"
"195",40,"20210413_Cell4_WTC-11",3.48536979976952,"WT"
"196",40,"20210505_Cell1_WTC-11",2.71580297735673,"WT"
"197",40,"20210505_Cell5_WTC-11",NA,"WT"
"198",40,"20210505_Cell6_WTC-11",NA,"WT"
"199",40,"20210622_Cell2_WTC-11",10.8422793982164,"WT"
"200",40,"20210622_Cell4_WTC-11",0.559231652153861,"WT"
"201",40,"20210622_Cell7_WTC-11",NA,"WT"
"202",40,"20210622_Cell8_WTC-11",4.6362228017987,"WT"
"203",40,"20210622_Cell9_WTC-11",2.97105354175233,"WT"
"204",40,"20210622_Cell12_WTC-11",1.8374807633237,"WT"
"205",40,"20210622_Cell13_WTC-11",0.372262491338562,"WT"
"206",40,"20210622_Cell14_WTC-11",0.484340857448655,"WT"
"207",40,"20210622_Cell15_WTC-11",1.72416013172841,"WT"
"208",40,"20210622_Cell16_WTC-11",12.988452951191,"WT"
"209",40,"20210623_Cell5_WTC-11",2.62964263835991,"WT"
"210",40,"20210623_Cell6_WTC-11",4.54161955408036,"WT"
"211",40,"20210623_Cell7_WTC-11",1.00077680639318,"WT"
"212",40,"20210723_Cell13_WTC-11",1.18110338388741,"WT"
"213",40,"20210723_Cell18_WTC-11",4.85542969291745,"WT"
"214",40,"20210726_Cell2_WTC-11",NA,"WT"
"215",40,"20210726_Cell7_WTC-11",1.85108879874782,"WT"
"216",40,"20210802_Cell7_WTC-11",0.925203193055492,"WT"
"217",50,"20210413_Cell2_WTC-11",5.5346056337731,"WT"
"218",50,"20210413_Cell3_WTC-11",2.99073557113796,"WT"
"219",50,"20210413_Cell4_WTC-11",3.64741617178261,"WT"
"220",50,"20210505_Cell1_WTC-11",2.60559733909897,"WT"
"221",50,"20210505_Cell5_WTC-11",NA,"WT"
"222",50,"20210505_Cell6_WTC-11",NA,"WT"
"223",50,"20210622_Cell2_WTC-11",11.8509901514593,"WT"
"224",50,"20210622_Cell4_WTC-11",0.832856602138942,"WT"
"225",50,"20210622_Cell7_WTC-11",NA,"WT"
"226",50,"20210622_Cell8_WTC-11",5.78401600716021,"WT"
"227",50,"20210622_Cell9_WTC-11",3.04954689427426,"WT"
"228",50,"20210622_Cell12_WTC-11",2.06834265028199,"WT"
"229",50,"20210622_Cell13_WTC-11",0.899486405068577,"WT"
"230",50,"20210622_Cell14_WTC-11",0.689277134563677,"WT"
"231",50,"20210622_Cell15_WTC-11",2.89924028685151,"WT"
"232",50,"20210622_Cell16_WTC-11",14.0954331807204,"WT"
"233",50,"20210623_Cell5_WTC-11",3.48708496773739,"WT"
"234",50,"20210623_Cell6_WTC-11",5.63796082573352,"WT"
"235",50,"20210623_Cell7_WTC-11",0.863638611527176,"WT"
"236",50,"20210723_Cell13_WTC-11",1.15640595399022,"WT"
"237",50,"20210723_Cell18_WTC-11",5.08689322343224,"WT"
"238",50,"20210726_Cell2_WTC-11",NA,"WT"
"239",50,"20210726_Cell7_WTC-11",2.15969808871354,"WT"
"240",50,"20210802_Cell7_WTC-11",1.00816868948099,"WT"
"241",60,"20210413_Cell2_WTC-11",5.85010730756841,"WT"
"242",60,"20210413_Cell3_WTC-11",5.21789636676621,"WT"
"243",60,"20210413_Cell4_WTC-11",4.45638787588047,"WT"
"244",60,"20210505_Cell1_WTC-11",2.66756830336172,"WT"
"245",60,"20210505_Cell5_WTC-11",NA,"WT"
"246",60,"20210505_Cell6_WTC-11",NA,"WT"
"247",60,"20210622_Cell2_WTC-11",12.7699815282282,"WT"
"248",60,"20210622_Cell4_WTC-11",0.860691653357611,"WT"
"249",60,"20210622_Cell7_WTC-11",NA,"WT"
"250",60,"20210622_Cell8_WTC-11",7.53218825831387,"WT"
"251",60,"20210622_Cell9_WTC-11",3.23214641370271,"WT"
"252",60,"20210622_Cell12_WTC-11",2.32561228835325,"WT"
"253",60,"20210622_Cell13_WTC-11",1.47861200194301,"WT"
"254",60,"20210622_Cell14_WTC-11",0.486578558561847,"WT"
"255",60,"20210622_Cell15_WTC-11",3.49883650880003,"WT"
"256",60,"20210622_Cell16_WTC-11",14.3969227757507,"WT"
"257",60,"20210623_Cell5_WTC-11",3.67156122761629,"WT"
"258",60,"20210623_Cell6_WTC-11",6.3587434531005,"WT"
"259",60,"20210623_Cell7_WTC-11",0.463501698261982,"WT"
"260",60,"20210723_Cell13_WTC-11",0.43011256188779,"WT"
"261",60,"20210723_Cell18_WTC-11",3.82221422839313,"WT"
"262",60,"20210726_Cell2_WTC-11",NA,"WT"
"263",60,"20210726_Cell7_WTC-11",2.14623551842425,"WT"
"264",60,"20210802_Cell7_WTC-11",0.913373435449907,"WT"
"265",-40,"20210308_Cell2_HDF28c44",0.136597823295307,"KCNQ1-p.R594Q"
"266",-40,"20210308_Cell3_HDF28c44",0.226115918875451,"KCNQ1-p.R594Q"
"267",-40,"20210308_Cell7_HDF28c44",0.116403613389769,"KCNQ1-p.R594Q"
"268",-40,"20210308_Cell8_HDF28c44",-0.592335535164294,"KCNQ1-p.R594Q"
"269",-40,"20210312_Cell3_HDF28c44",0.272858325503247,"KCNQ1-p.R594Q"
"270",-40,"20210312_Cell6_HDF28c44",-0.61045297651104,"KCNQ1-p.R594Q"
"271",-40,"20210312_Cell7_HDF28c44",0.679774112783348,"KCNQ1-p.R594Q"
"272",-40,"20210615_Cell2_HDF28c44",0.393225881788465,"KCNQ1-p.R594Q"
"273",-40,"20210615_Cell6_HDF28c44",-0.1873601674158,"KCNQ1-p.R594Q"
"274",-40,"20210616_Cell1_HDF28c44",0.189887046813964,"KCNQ1-p.R594Q"
"275",-40,"20210616_Cell3_HDF28c44",-0.129716949029402,"KCNQ1-p.R594Q"
"276",-40,"20210616_Cell5_HDF28c44",-0.107026343650006,"KCNQ1-p.R594Q"
"277",-40,"20210617_Cell2_HDF28c44",-0.347592777206003,"KCNQ1-p.R594Q"
"278",-40,"20210617_Cell5_HDF28c44",0.433362046136217,"KCNQ1-p.R594Q"
"279",-40,"20210629_Cell2_HDF28c44",-1.43457504272461,"KCNQ1-p.R594Q"
"280",-40,"20210629_Cell3_HDF28c44",0.168534185069418,"KCNQ1-p.R594Q"
"281",-40,"20210629_Cell4_HDF28c44",-0.214291839608239,"KCNQ1-p.R594Q"
"282",-40,"20210629_Cell5_HDF28c44",0.158237318912753,"KCNQ1-p.R594Q"
"283",-40,"20210629_Cell7_HDF28c44",0.410053867741364,"KCNQ1-p.R594Q"
"284",-40,"20210629_Cell8_HDF28c44",0.360039602079733,"KCNQ1-p.R594Q"
"285",-40,"20210629_Cell10_HDF28c44",0.147597388927927,"KCNQ1-p.R594Q"
"286",-40,"20210629_Cell11_HDF28c44",0.173692909142909,"KCNQ1-p.R594Q"
"287",-40,"20210701_Cell2_HDF28c44",-0.13132199312401,"KCNQ1-p.R594Q"
"288",-40,"20210701_Cell3_HDF28c44",-0.0360035803363093,"KCNQ1-p.R594Q"
"289",-40,"20210701_Cell4_HDF28c44",-0.146151575102527,"KCNQ1-p.R594Q"
"290",-40,"20210701_Cell5_HDF28c44",0.648138543079993,"KCNQ1-p.R594Q"
"291",-40,"20210701_Cell6_HDF28c44",0.0493270140470928,"KCNQ1-p.R594Q"
"292",-40,"20210701_Cell7_HDF28c44",-0.846680020284944,"KCNQ1-p.R594Q"
"293",-40,"20210701_Cell9_HDF28c44",0.268806079005909,"KCNQ1-p.R594Q"
"294",-40,"20210701_Cell10_HDF28c44",1.25185648220697,"KCNQ1-p.R594Q"
"295",-40,"20210701_Cell12_HDF28c44",0.309728458787363,"KCNQ1-p.R594Q"
"296",-30,"20210308_Cell2_HDF28c44",0.186814965371264,"KCNQ1-p.R594Q"
"297",-30,"20210308_Cell3_HDF28c44",0.281308215838709,"KCNQ1-p.R594Q"
"298",-30,"20210308_Cell7_HDF28c44",0.401876352216464,"KCNQ1-p.R594Q"
"299",-30,"20210308_Cell8_HDF28c44",-0.325255258680389,"KCNQ1-p.R594Q"
"300",-30,"20210312_Cell3_HDF28c44",0.296300054749842,"KCNQ1-p.R594Q"
"301",-30,"20210312_Cell6_HDF28c44",-0.59786847211626,"KCNQ1-p.R594Q"
"302",-30,"20210312_Cell7_HDF28c44",0.118653923998314,"KCNQ1-p.R594Q"
"303",-30,"20210615_Cell2_HDF28c44",0.493844019042118,"KCNQ1-p.R594Q"
"304",-30,"20210615_Cell6_HDF28c44",-0.526128721147828,"KCNQ1-p.R594Q"
"305",-30,"20210616_Cell1_HDF28c44",-0.110202365451389,"KCNQ1-p.R594Q"
"306",-30,"20210616_Cell3_HDF28c44",0.335168860175391,"KCNQ1-p.R594Q"
"307",-30,"20210616_Cell5_HDF28c44",0.0421599200431336,"KCNQ1-p.R594Q"
"308",-30,"20210617_Cell2_HDF28c44",-0.499725078708084,"KCNQ1-p.R594Q"
"309",-30,"20210617_Cell5_HDF28c44",0.289859010688779,"KCNQ1-p.R594Q"
"310",-30,"20210629_Cell2_HDF28c44",-0.991617813110348,"KCNQ1-p.R594Q"
"311",-30,"20210629_Cell3_HDF28c44",0.632131925877588,"KCNQ1-p.R594Q"
"312",-30,"20210629_Cell4_HDF28c44",-0.434963850352883,"KCNQ1-p.R594Q"
"313",-30,"20210629_Cell5_HDF28c44",0.241942997389664,"KCNQ1-p.R594Q"
"314",-30,"20210629_Cell7_HDF28c44",0.467488361949198,"KCNQ1-p.R594Q"
"315",-30,"20210629_Cell8_HDF28c44",0.798772105101837,"KCNQ1-p.R594Q"
"316",-30,"20210629_Cell10_HDF28c44",0.374524922885227,"KCNQ1-p.R594Q"
"317",-30,"20210629_Cell11_HDF28c44",0.232920727501668,"KCNQ1-p.R594Q"
"318",-30,"20210701_Cell2_HDF28c44",0.236173281304775,"KCNQ1-p.R594Q"
"319",-30,"20210701_Cell3_HDF28c44",0.029284828229542,"KCNQ1-p.R594Q"
"320",-30,"20210701_Cell4_HDF28c44",-0.217795528825534,"KCNQ1-p.R594Q"
"321",-30,"20210701_Cell5_HDF28c44",1.18408905433637,"KCNQ1-p.R594Q"
"322",-30,"20210701_Cell6_HDF28c44",0.283449191257,"KCNQ1-p.R594Q"
"323",-30,"20210701_Cell7_HDF28c44",-0.329251361200827,"KCNQ1-p.R594Q"
"324",-30,"20210701_Cell9_HDF28c44",0.733019153743126,"KCNQ1-p.R594Q"
"325",-30,"20210701_Cell10_HDF28c44",1.93413719729208,"KCNQ1-p.R594Q"
"326",-30,"20210701_Cell12_HDF28c44",0.720183554793519,"KCNQ1-p.R594Q"
"327",-20,"20210308_Cell2_HDF28c44",0.255844691254345,"KCNQ1-p.R594Q"
"328",-20,"20210308_Cell3_HDF28c44",0.0656832128589478,"KCNQ1-p.R594Q"
"329",-20,"20210308_Cell7_HDF28c44",0.968096825374563,"KCNQ1-p.R594Q"
"330",-20,"20210308_Cell8_HDF28c44",0.0503616863016353,"KCNQ1-p.R594Q"
"331",-20,"20210312_Cell3_HDF28c44",0.384446638125792,"KCNQ1-p.R594Q"
"332",-20,"20210312_Cell6_HDF28c44",-0.282382491069773,"KCNQ1-p.R594Q"
"333",-20,"20210312_Cell7_HDF28c44",-0.28807298452066,"KCNQ1-p.R594Q"
"334",-20,"20210615_Cell2_HDF28c44",0.629978577295938,"KCNQ1-p.R594Q"
"335",-20,"20210615_Cell6_HDF28c44",-0.794140279047387,"KCNQ1-p.R594Q"
"336",-20,"20210616_Cell1_HDF28c44",-0.0576443142361111,"KCNQ1-p.R594Q"
"337",-20,"20210616_Cell3_HDF28c44",0.550876010547984,"KCNQ1-p.R594Q"
"338",-20,"20210616_Cell5_HDF28c44",0.321576524288096,"KCNQ1-p.R594Q"
"339",-20,"20210617_Cell2_HDF28c44",-0.392775306449817,"KCNQ1-p.R594Q"
"340",-20,"20210617_Cell5_HDF28c44",0.216409593111739,"KCNQ1-p.R594Q"
"341",-20,"20210629_Cell2_HDF28c44",-1.10391632080078,"KCNQ1-p.R594Q"
"342",-20,"20210629_Cell3_HDF28c44",0.560748895208944,"KCNQ1-p.R594Q"
"343",-20,"20210629_Cell4_HDF28c44",-0.370297573190841,"KCNQ1-p.R594Q"
"344",-20,"20210629_Cell5_HDF28c44",0.406295457152954,"KCNQ1-p.R594Q"
"345",-20,"20210629_Cell7_HDF28c44",0.5109199002098,"KCNQ1-p.R594Q"
"346",-20,"20210629_Cell8_HDF28c44",1.5008712061012,"KCNQ1-p.R594Q"
"347",-20,"20210629_Cell10_HDF28c44",0.476824939846379,"KCNQ1-p.R594Q"
"348",-20,"20210629_Cell11_HDF28c44",0.25052925469695,"KCNQ1-p.R594Q"
"349",-20,"20210701_Cell2_HDF28c44",0.276503973365638,"KCNQ1-p.R594Q"
"350",-20,"20210701_Cell3_HDF28c44",0.148349868085423,"KCNQ1-p.R594Q"
"351",-20,"20210701_Cell4_HDF28c44",-0.340275924402937,"KCNQ1-p.R594Q"
"352",-20,"20210701_Cell5_HDF28c44",1.83171344723194,"KCNQ1-p.R594Q"
"353",-20,"20210701_Cell6_HDF28c44",0.155813280707439,"KCNQ1-p.R594Q"
"354",-20,"20210701_Cell7_HDF28c44",-0.31230875848601,"KCNQ1-p.R594Q"
"355",-20,"20210701_Cell9_HDF28c44",1.47237072082415,"KCNQ1-p.R594Q"
"356",-20,"20210701_Cell10_HDF28c44",2.46223843335869,"KCNQ1-p.R594Q"
"357",-20,"20210701_Cell12_HDF28c44",0.917291311459587,"KCNQ1-p.R594Q"
"358",-10,"20210308_Cell2_HDF28c44",0.28516851047746,"KCNQ1-p.R594Q"
"359",-10,"20210308_Cell3_HDF28c44",0.609368509087318,"KCNQ1-p.R594Q"
"360",-10,"20210308_Cell7_HDF28c44",1.50693958802203,"KCNQ1-p.R594Q"
"361",-10,"20210308_Cell8_HDF28c44",0.508540373305598,"KCNQ1-p.R594Q"
"362",-10,"20210312_Cell3_HDF28c44",0.46819326632806,"KCNQ1-p.R594Q"
"363",-10,"20210312_Cell6_HDF28c44",0.0802520243846163,"KCNQ1-p.R594Q"
"364",-10,"20210312_Cell7_HDF28c44",-0.415771648800625,"KCNQ1-p.R594Q"
"365",-10,"20210615_Cell2_HDF28c44",0.620520909627278,"KCNQ1-p.R594Q"
"366",-10,"20210615_Cell6_HDF28c44",-0.857906744264251,"KCNQ1-p.R594Q"
"367",-10,"20210616_Cell1_HDF28c44",0.0813802083333333,"KCNQ1-p.R594Q"
"368",-10,"20210616_Cell3_HDF28c44",0.374778920953923,"KCNQ1-p.R594Q"
"369",-10,"20210616_Cell5_HDF28c44",0.343174954678149,"KCNQ1-p.R594Q"
"370",-10,"20210617_Cell2_HDF28c44",-0.487120301534101,"KCNQ1-p.R594Q"
"371",-10,"20210617_Cell5_HDF28c44",0.0825188020891435,"KCNQ1-p.R594Q"
"372",-10,"20210629_Cell2_HDF28c44",-1.55942077636718,"KCNQ1-p.R594Q"
"373",-10,"20210629_Cell3_HDF28c44",0.548316965019634,"KCNQ1-p.R594Q"
"374",-10,"20210629_Cell4_HDF28c44",-0.51102245228526,"KCNQ1-p.R594Q"
"375",-10,"20210629_Cell5_HDF28c44",0.775881537989496,"KCNQ1-p.R594Q"
"376",-10,"20210629_Cell7_HDF28c44",0.450151882256892,"KCNQ1-p.R594Q"
"377",-10,"20210629_Cell8_HDF28c44",1.37650877209264,"KCNQ1-p.R594Q"
"378",-10,"20210629_Cell10_HDF28c44",0.404979786181928,"KCNQ1-p.R594Q"
"379",-10,"20210629_Cell11_HDF28c44",0.310717058484057,"KCNQ1-p.R594Q"
"380",-10,"20210701_Cell2_HDF28c44",0.311222064040188,"KCNQ1-p.R594Q"
"381",-10,"20210701_Cell3_HDF28c44",0.340629627637251,"KCNQ1-p.R594Q"
"382",-10,"20210701_Cell4_HDF28c44",-0.345782625965799,"KCNQ1-p.R594Q"
"383",-10,"20210701_Cell5_HDF28c44",2.20234572372127,"KCNQ1-p.R594Q"
"384",-10,"20210701_Cell6_HDF28c44",-0.0442329316929183,"KCNQ1-p.R594Q"
"385",-10,"20210701_Cell7_HDF28c44",-0.0657072114974849,"KCNQ1-p.R594Q"
"386",-10,"20210701_Cell9_HDF28c44",1.83960507423292,"KCNQ1-p.R594Q"
"387",-10,"20210701_Cell10_HDF28c44",2.71991809653124,"KCNQ1-p.R594Q"
"388",-10,"20210701_Cell12_HDF28c44",1.01093412893167,"KCNQ1-p.R594Q"
"389",0,"20210308_Cell2_HDF28c44",0.296963727206248,"KCNQ1-p.R594Q"
"390",0,"20210308_Cell3_HDF28c44",0.693024181376223,"KCNQ1-p.R594Q"
"391",0,"20210308_Cell7_HDF28c44",2.05413999114037,"KCNQ1-p.R594Q"
"392",0,"20210308_Cell8_HDF28c44",0.804748857999481,"KCNQ1-p.R594Q"
"393",0,"20210312_Cell3_HDF28c44",0.555666277269221,"KCNQ1-p.R594Q"
"394",0,"20210312_Cell6_HDF28c44",0.160612932070023,"KCNQ1-p.R594Q"
"395",0,"20210312_Cell7_HDF28c44",-0.521864181905097,"KCNQ1-p.R594Q"
"396",0,"20210615_Cell2_HDF28c44",0.775043500794302,"KCNQ1-p.R594Q"
"397",0,"20210615_Cell6_HDF28c44",-1.33006636977823,"KCNQ1-p.R594Q"
"398",0,"20210616_Cell1_HDF28c44",0.232272677951389,"KCNQ1-p.R594Q"
"399",0,"20210616_Cell3_HDF28c44",0.608695203607732,"KCNQ1-p.R594Q"
"400",0,"20210616_Cell5_HDF28c44",0.341627607954309,"KCNQ1-p.R594Q"
"401",0,"20210617_Cell2_HDF28c44",-0.430158399812579,"KCNQ1-p.R594Q"
"402",0,"20210617_Cell5_HDF28c44",0.194789924620582,"KCNQ1-p.R594Q"
"403",0,"20210629_Cell2_HDF28c44",-1.93685501098633,"KCNQ1-p.R594Q"
"404",0,"20210629_Cell3_HDF28c44",0.573161855527877,"KCNQ1-p.R594Q"
"405",0,"20210629_Cell4_HDF28c44",-0.473047868353037,"KCNQ1-p.R594Q"
"406",0,"20210629_Cell5_HDF28c44",0.70081655241788,"KCNQ1-p.R594Q"
"407",0,"20210629_Cell7_HDF28c44",0.601086649318394,"KCNQ1-p.R594Q"
"408",0,"20210629_Cell8_HDF28c44",1.69228590801326,"KCNQ1-p.R594Q"
"409",0,"20210629_Cell10_HDF28c44",0.460872876686958,"KCNQ1-p.R594Q"
"410",0,"20210629_Cell11_HDF28c44",0.3052071324131,"KCNQ1-p.R594Q"
"411",0,"20210701_Cell2_HDF28c44",0.273884124646605,"KCNQ1-p.R594Q"
"412",0,"20210701_Cell3_HDF28c44",0.59990007754561,"KCNQ1-p.R594Q"
"413",0,"20210701_Cell4_HDF28c44",-0.536791088743757,"KCNQ1-p.R594Q"
"414",0,"20210701_Cell5_HDF28c44",2.0771142274084,"KCNQ1-p.R594Q"
"415",0,"20210701_Cell6_HDF28c44",0.675095999424395,"KCNQ1-p.R594Q"
"416",0,"20210701_Cell7_HDF28c44",0.0771047413942706,"KCNQ1-p.R594Q"
"417",0,"20210701_Cell9_HDF28c44",1.99907215362003,"KCNQ1-p.R594Q"
"418",0,"20210701_Cell10_HDF28c44",3.06233858400939,"KCNQ1-p.R594Q"
"419",0,"20210701_Cell12_HDF28c44",1.16995151619941,"KCNQ1-p.R594Q"
"420",10,"20210308_Cell2_HDF28c44",0.322844857110211,"KCNQ1-p.R594Q"
"421",10,"20210308_Cell3_HDF28c44",0.473030879829256,"KCNQ1-p.R594Q"
"422",10,"20210308_Cell7_HDF28c44",2.49227812388503,"KCNQ1-p.R594Q"
"423",10,"20210308_Cell8_HDF28c44",1.35212779613318,"KCNQ1-p.R594Q"
"424",10,"20210312_Cell3_HDF28c44",0.64345948885691,"KCNQ1-p.R594Q"
"425",10,"20210312_Cell6_HDF28c44",1.79825566775153,"KCNQ1-p.R594Q"
"426",10,"20210312_Cell7_HDF28c44",-0.546194436623295,"KCNQ1-p.R594Q"
"427",10,"20210615_Cell2_HDF28c44",0.896606710222031,"KCNQ1-p.R594Q"
"428",10,"20210615_Cell6_HDF28c44",-1.13642079497846,"KCNQ1-p.R594Q"
"429",10,"20210616_Cell1_HDF28c44",0.193277994791667,"KCNQ1-p.R594Q"
"430",10,"20210616_Cell3_HDF28c44",0.630672281438652,"KCNQ1-p.R594Q"
"431",10,"20210616_Cell5_HDF28c44",0.542997766048349,"KCNQ1-p.R594Q"
"432",10,"20210617_Cell2_HDF28c44",-0.508731973695449,"KCNQ1-p.R594Q"
"433",10,"20210617_Cell5_HDF28c44",0.222711354894684,"KCNQ1-p.R594Q"
"434",10,"20210629_Cell2_HDF28c44",-2.26431900024414,"KCNQ1-p.R594Q"
"435",10,"20210629_Cell3_HDF28c44",1.02089335055893,"KCNQ1-p.R594Q"
"436",10,"20210629_Cell4_HDF28c44",-0.295147324431625,"KCNQ1-p.R594Q"
"437",10,"20210629_Cell5_HDF28c44",0.921579214142185,"KCNQ1-p.R594Q"
"438",10,"20210629_Cell7_HDF28c44",0.590952100019733,"KCNQ1-p.R594Q"
"439",10,"20210629_Cell8_HDF28c44",2.46515797191022,"KCNQ1-p.R594Q"
"440",10,"20210629_Cell10_HDF28c44",0.51461077863511,"KCNQ1-p.R594Q"
"441",10,"20210629_Cell11_HDF28c44",0.274455172342173,"KCNQ1-p.R594Q"
"442",10,"20210701_Cell2_HDF28c44",0.43843718588949,"KCNQ1-p.R594Q"
"443",10,"20210701_Cell3_HDF28c44",0.796914466719068,"KCNQ1-p.R594Q"
"444",10,"20210701_Cell4_HDF28c44",-0.68058333490874,"KCNQ1-p.R594Q"
"445",10,"20210701_Cell5_HDF28c44",1.75705607096557,"KCNQ1-p.R594Q"
"446",10,"20210701_Cell6_HDF28c44",0.299749316656856,"KCNQ1-p.R594Q"
"447",10,"20210701_Cell7_HDF28c44",0.388520746447411,"KCNQ1-p.R594Q"
"448",10,"20210701_Cell9_HDF28c44",2.19569765323455,"KCNQ1-p.R594Q"
"449",10,"20210701_Cell10_HDF28c44",3.11579890869467,"KCNQ1-p.R594Q"
"450",10,"20210701_Cell12_HDF28c44",1.42116313823267,"KCNQ1-p.R594Q"
"451",20,"20210308_Cell2_HDF28c44",0.251516319178208,"KCNQ1-p.R594Q"
"452",20,"20210308_Cell3_HDF28c44",0.572143534570232,"KCNQ1-p.R594Q"
"453",20,"20210308_Cell7_HDF28c44",3.24184588132784,"KCNQ1-p.R594Q"
"454",20,"20210308_Cell8_HDF28c44",1.74828518003423,"KCNQ1-p.R594Q"
"455",20,"20210312_Cell3_HDF28c44",0.664027490537848,"KCNQ1-p.R594Q"
"456",20,"20210312_Cell6_HDF28c44",1.2876725586841,"KCNQ1-p.R594Q"
"457",20,"20210312_Cell7_HDF28c44",-0.556531258753608,"KCNQ1-p.R594Q"
"458",20,"20210615_Cell2_HDF28c44",0.895420511563618,"KCNQ1-p.R594Q"
"459",20,"20210615_Cell6_HDF28c44",-1.29982775044069,"KCNQ1-p.R594Q"
"460",20,"20210616_Cell1_HDF28c44",-0.115288628472222,"KCNQ1-p.R594Q"
"461",20,"20210616_Cell3_HDF28c44",0.625265251506457,"KCNQ1-p.R594Q"
"462",20,"20210616_Cell5_HDF28c44",0.663675754628281,"KCNQ1-p.R594Q"
"463",20,"20210617_Cell2_HDF28c44",-0.0045773993696275,"KCNQ1-p.R594Q"
"464",20,"20210617_Cell5_HDF28c44",0.429370263940082,"KCNQ1-p.R594Q"
"465",20,"20210629_Cell2_HDF28c44",-3.39492706298828,"KCNQ1-p.R594Q"
"466",20,"20210629_Cell3_HDF28c44",0.400917049440527,"KCNQ1-p.R594Q"
"467",20,"20210629_Cell4_HDF28c44",-0.52485160978687,"KCNQ1-p.R594Q"
"468",20,"20210629_Cell5_HDF28c44",0.927271747630912,"KCNQ1-p.R594Q"
"469",20,"20210629_Cell7_HDF28c44",0.56321809912422,"KCNQ1-p.R594Q"
"470",20,"20210629_Cell8_HDF28c44",2.73969311300826,"KCNQ1-p.R594Q"
"471",20,"20210629_Cell10_HDF28c44",0.500102710147992,"KCNQ1-p.R594Q"
"472",20,"20210629_Cell11_HDF28c44",0.340197441860839,"KCNQ1-p.R594Q"
"473",20,"20210701_Cell2_HDF28c44",0.147191840962116,"KCNQ1-p.R594Q"
"474",20,"20210701_Cell3_HDF28c44",1.12382461161462,"KCNQ1-p.R594Q"
"475",20,"20210701_Cell4_HDF28c44",-0.451123145593957,"KCNQ1-p.R594Q"
"476",20,"20210701_Cell5_HDF28c44",1.44897594699889,"KCNQ1-p.R594Q"
"477",20,"20210701_Cell6_HDF28c44",0.059435126790842,"KCNQ1-p.R594Q"
"478",20,"20210701_Cell7_HDF28c44",0.633709537271744,"KCNQ1-p.R594Q"
"479",20,"20210701_Cell9_HDF28c44",2.24318237405033,"KCNQ1-p.R594Q"
"480",20,"20210701_Cell10_HDF28c44",3.17317265355037,"KCNQ1-p.R594Q"
"481",20,"20210701_Cell12_HDF28c44",1.15177420653111,"KCNQ1-p.R594Q"
"482",30,"20210308_Cell2_HDF28c44",0.333851406347354,"KCNQ1-p.R594Q"
"483",30,"20210308_Cell3_HDF28c44",1.38051867130153,"KCNQ1-p.R594Q"
"484",30,"20210308_Cell7_HDF28c44",3.20713766659003,"KCNQ1-p.R594Q"
"485",30,"20210308_Cell8_HDF28c44",2.42811279457561,"KCNQ1-p.R594Q"
"486",30,"20210312_Cell3_HDF28c44",0.868313313311415,"KCNQ1-p.R594Q"
"487",30,"20210312_Cell6_HDF28c44",1.11629875491851,"KCNQ1-p.R594Q"
"488",30,"20210312_Cell7_HDF28c44",-0.318297596565273,"KCNQ1-p.R594Q"
"489",30,"20210615_Cell2_HDF28c44",0.852260059780542,"KCNQ1-p.R594Q"
"490",30,"20210615_Cell6_HDF28c44",-0.890957556037215,"KCNQ1-p.R594Q"
"491",30,"20210616_Cell1_HDF28c44",0.0457763671875,"KCNQ1-p.R594Q"
"492",30,"20210616_Cell3_HDF28c44",0.368867960843173,"KCNQ1-p.R594Q"
"493",30,"20210616_Cell5_HDF28c44",0.430247124205243,"KCNQ1-p.R594Q"
"494",30,"20210617_Cell2_HDF28c44",-0.580559634569095,"KCNQ1-p.R594Q"
"495",30,"20210617_Cell5_HDF28c44",0.47793202175918,"KCNQ1-p.R594Q"
"496",30,"20210629_Cell2_HDF28c44",-3.2809097290039,"KCNQ1-p.R594Q"
"497",30,"20210629_Cell3_HDF28c44",0.750856890736238,"KCNQ1-p.R594Q"
"498",30,"20210629_Cell4_HDF28c44",-0.79968752669174,"KCNQ1-p.R594Q"
"499",30,"20210629_Cell5_HDF28c44",0.824172545544699,"KCNQ1-p.R594Q"
"500",30,"20210629_Cell7_HDF28c44",0.670126038413965,"KCNQ1-p.R594Q"
"501",30,"20210629_Cell8_HDF28c44",2.36096672597239,"KCNQ1-p.R594Q"
"502",30,"20210629_Cell10_HDF28c44",0.577182069411658,"KCNQ1-p.R594Q"
"503",30,"20210629_Cell11_HDF28c44",0.303774542050504,"KCNQ1-p.R594Q"
"504",30,"20210701_Cell2_HDF28c44",-0.0455706784774374,"KCNQ1-p.R594Q"
"505",30,"20210701_Cell3_HDF28c44",1.29782067138698,"KCNQ1-p.R594Q"
"506",30,"20210701_Cell4_HDF28c44",-0.70698169280484,"KCNQ1-p.R594Q"
"507",30,"20210701_Cell5_HDF28c44",0.928763662639784,"KCNQ1-p.R594Q"
"508",30,"20210701_Cell6_HDF28c44",0.484482126050673,"KCNQ1-p.R594Q"
"509",30,"20210701_Cell7_HDF28c44",0.547737448060048,"KCNQ1-p.R594Q"
"510",30,"20210701_Cell9_HDF28c44",2.3098662637006,"KCNQ1-p.R594Q"
"511",30,"20210701_Cell10_HDF28c44",3.00250950796572,"KCNQ1-p.R594Q"
"512",30,"20210701_Cell12_HDF28c44",1.35440717060633,"KCNQ1-p.R594Q"
"513",40,"20210308_Cell2_HDF28c44",0.436436342079357,"KCNQ1-p.R594Q"
"514",40,"20210308_Cell3_HDF28c44",1.29694221099219,"KCNQ1-p.R594Q"
"515",40,"20210308_Cell7_HDF28c44",3.4013208736271,"KCNQ1-p.R594Q"
"516",40,"20210308_Cell8_HDF28c44",2.66736965005358,"KCNQ1-p.R594Q"
"517",40,"20210312_Cell3_HDF28c44",0.906391949405919,"KCNQ1-p.R594Q"
"518",40,"20210312_Cell6_HDF28c44",2.47611383114417,"KCNQ1-p.R594Q"
"519",40,"20210312_Cell7_HDF28c44",0.423524307233613,"KCNQ1-p.R594Q"
"520",40,"20210615_Cell2_HDF28c44",0.692281060748628,"KCNQ1-p.R594Q"
"521",40,"20210615_Cell6_HDF28c44",-0.435874516919787,"KCNQ1-p.R594Q"
"522",40,"20210616_Cell1_HDF28c44",-0.132242838541667,"KCNQ1-p.R594Q"
"523",40,"20210616_Cell3_HDF28c44",0.813708912242541,"KCNQ1-p.R594Q"
"524",40,"20210616_Cell5_HDF28c44",0.592290350731383,"KCNQ1-p.R594Q"
"525",40,"20210617_Cell2_HDF28c44",-0.643330829737322,"KCNQ1-p.R594Q"
"526",40,"20210617_Cell5_HDF28c44",0.819279847589382,"KCNQ1-p.R594Q"
"527",40,"20210629_Cell2_HDF28c44",-1.66036849975586,"KCNQ1-p.R594Q"
"528",40,"20210629_Cell3_HDF28c44",1.9650663929057,"KCNQ1-p.R594Q"
"529",40,"20210629_Cell4_HDF28c44",-0.124265488892867,"KCNQ1-p.R594Q"
"530",40,"20210629_Cell5_HDF28c44",1.17743535359309,"KCNQ1-p.R594Q"
"531",40,"20210629_Cell7_HDF28c44",0.592483123098113,"KCNQ1-p.R594Q"
"532",40,"20210629_Cell8_HDF28c44",3.23070763701927,"KCNQ1-p.R594Q"
"533",40,"20210629_Cell10_HDF28c44",0.443068154958691,"KCNQ1-p.R594Q"
"534",40,"20210629_Cell11_HDF28c44",0.389337812460974,"KCNQ1-p.R594Q"
"535",40,"20210701_Cell2_HDF28c44",0.132256656079046,"KCNQ1-p.R594Q"
"536",40,"20210701_Cell3_HDF28c44",1.20444967866362,"KCNQ1-p.R594Q"
"537",40,"20210701_Cell4_HDF28c44",-0.872558790692853,"KCNQ1-p.R594Q"
"538",40,"20210701_Cell5_HDF28c44",1.21772519533953,"KCNQ1-p.R594Q"
"539",40,"20210701_Cell6_HDF28c44",-0.149172314632393,"KCNQ1-p.R594Q"
"540",40,"20210701_Cell7_HDF28c44",0.588663310288172,"KCNQ1-p.R594Q"
"541",40,"20210701_Cell9_HDF28c44",1.95497160260097,"KCNQ1-p.R594Q"
"542",40,"20210701_Cell10_HDF28c44",2.62192645839034,"KCNQ1-p.R594Q"
"543",40,"20210701_Cell12_HDF28c44",1.4323236594647,"KCNQ1-p.R594Q"
"544",50,"20210308_Cell2_HDF28c44",0.743531824199172,"KCNQ1-p.R594Q"
"545",50,"20210308_Cell3_HDF28c44",1.56938523438641,"KCNQ1-p.R594Q"
"546",50,"20210308_Cell7_HDF28c44",2.78840102041333,"KCNQ1-p.R594Q"
"547",50,"20210308_Cell8_HDF28c44",2.0025601088406,"KCNQ1-p.R594Q"
"548",50,"20210312_Cell3_HDF28c44",0.998547476834292,"KCNQ1-p.R594Q"
"549",50,"20210312_Cell6_HDF28c44",3.21220191209398,"KCNQ1-p.R594Q"
"550",50,"20210312_Cell7_HDF28c44",2.89004768603247,"KCNQ1-p.R594Q"
"551",50,"20210615_Cell2_HDF28c44",0.940600037574767,"KCNQ1-p.R594Q"
"552",50,"20210615_Cell6_HDF28c44",-1.22391550442679,"KCNQ1-p.R594Q"
"553",50,"20210616_Cell1_HDF28c44",1.9989013671875,"KCNQ1-p.R594Q"
"554",50,"20210616_Cell3_HDF28c44",1.68525765158913,"KCNQ1-p.R594Q"
"555",50,"20210616_Cell5_HDF28c44",0.981045986743683,"KCNQ1-p.R594Q"
"556",50,"20210617_Cell2_HDF28c44",0.470092005295889,"KCNQ1-p.R594Q"
"557",50,"20210617_Cell5_HDF28c44",1.02535352235701,"KCNQ1-p.R594Q"
"558",50,"20210629_Cell2_HDF28c44",-1.01179870605468,"KCNQ1-p.R594Q"
"559",50,"20210629_Cell3_HDF28c44",2.16480595559467,"KCNQ1-p.R594Q"
"560",50,"20210629_Cell4_HDF28c44",0.351952404407252,"KCNQ1-p.R594Q"
"561",50,"20210629_Cell5_HDF28c44",1.68386365570633,"KCNQ1-p.R594Q"
"562",50,"20210629_Cell7_HDF28c44",0.682602359565526,"KCNQ1-p.R594Q"
"563",50,"20210629_Cell8_HDF28c44",2.65057419340934,"KCNQ1-p.R594Q"
"564",50,"20210629_Cell10_HDF28c44",0.250794509169479,"KCNQ1-p.R594Q"
"565",50,"20210629_Cell11_HDF28c44",0.217524594135018,"KCNQ1-p.R594Q"
"566",50,"20210701_Cell2_HDF28c44",0.384788904157878,"KCNQ1-p.R594Q"
"567",50,"20210701_Cell3_HDF28c44",1.28088820974061,"KCNQ1-p.R594Q"
"568",50,"20210701_Cell4_HDF28c44",-0.847384694326843,"KCNQ1-p.R594Q"
"569",50,"20210701_Cell5_HDF28c44",0.93443023875721,"KCNQ1-p.R594Q"
"570",50,"20210701_Cell6_HDF28c44",0.456127124781913,"KCNQ1-p.R594Q"
"571",50,"20210701_Cell7_HDF28c44",1.37161044272848,"KCNQ1-p.R594Q"
"572",50,"20210701_Cell9_HDF28c44",2.05707662117933,"KCNQ1-p.R594Q"
"573",50,"20210701_Cell10_HDF28c44",2.31747252622907,"KCNQ1-p.R594Q"
"574",50,"20210701_Cell12_HDF28c44",1.64563464218911,"KCNQ1-p.R594Q"
"575",60,"20210308_Cell2_HDF28c44",1.06826900311618,"KCNQ1-p.R594Q"
"576",60,"20210308_Cell3_HDF28c44",2.13036596351724,"KCNQ1-p.R594Q"
"577",60,"20210308_Cell7_HDF28c44",3.15158995277479,"KCNQ1-p.R594Q"
"578",60,"20210308_Cell8_HDF28c44",2.82328070360476,"KCNQ1-p.R594Q"
"579",60,"20210312_Cell3_HDF28c44",1.61139523941504,"KCNQ1-p.R594Q"
"580",60,"20210312_Cell6_HDF28c44",2.06396989740545,"KCNQ1-p.R594Q"
"581",60,"20210312_Cell7_HDF28c44",5.26255980031744,"KCNQ1-p.R594Q"
"582",60,"20210615_Cell2_HDF28c44",0.775417817963493,"KCNQ1-p.R594Q"
"583",60,"20210615_Cell6_HDF28c44",-0.585234076974005,"KCNQ1-p.R594Q"
"584",60,"20210616_Cell1_HDF28c44",1.42415364583333,"KCNQ1-p.R594Q"
"585",60,"20210616_Cell3_HDF28c44",1.22059267217462,"KCNQ1-p.R594Q"
"586",60,"20210616_Cell5_HDF28c44",1.26489817842524,"KCNQ1-p.R594Q"
"587",60,"20210617_Cell2_HDF28c44",0.421847700600674,"KCNQ1-p.R594Q"
"588",60,"20210617_Cell5_HDF28c44",0.74630975345112,"KCNQ1-p.R594Q"
"589",60,"20210629_Cell2_HDF28c44",-1.25047370910644,"KCNQ1-p.R594Q"
"590",60,"20210629_Cell3_HDF28c44",3.49025043945578,"KCNQ1-p.R594Q"
"591",60,"20210629_Cell4_HDF28c44",0.623804386981183,"KCNQ1-p.R594Q"
"592",60,"20210629_Cell5_HDF28c44",1.37686542790048,"KCNQ1-p.R594Q"
"593",60,"20210629_Cell7_HDF28c44",0.928374254593297,"KCNQ1-p.R594Q"
"594",60,"20210629_Cell8_HDF28c44",2.93565725052647,"KCNQ1-p.R594Q"
"595",60,"20210629_Cell10_HDF28c44",-0.135483418659794,"KCNQ1-p.R594Q"
"596",60,"20210629_Cell11_HDF28c44",0.217471655034535,"KCNQ1-p.R594Q"
"597",60,"20210701_Cell2_HDF28c44",0.328210258697548,"KCNQ1-p.R594Q"
"598",60,"20210701_Cell3_HDF28c44",1.22391975075485,"KCNQ1-p.R594Q"
"599",60,"20210701_Cell4_HDF28c44",-1.15495738326273,"KCNQ1-p.R594Q"
"600",60,"20210701_Cell5_HDF28c44",1.55273335182831,"KCNQ1-p.R594Q"
"601",60,"20210701_Cell6_HDF28c44",0.0892171380032529,"KCNQ1-p.R594Q"
"602",60,"20210701_Cell7_HDF28c44",1.84279287638086,"KCNQ1-p.R594Q"
"603",60,"20210701_Cell9_HDF28c44",1.99708348576615,"KCNQ1-p.R594Q"
"604",60,"20210701_Cell10_HDF28c44",2.12538525195627,"KCNQ1-p.R594Q"
"605",60,"20210701_Cell12_HDF28c44",1.26618590387777,"KCNQ1-p.R594Q"
"606",-40,"20210219_Cell6_HDF29c7",0.446546246928553,"KCNQ1-p.R190W"
"607",-40,"20210219_Cell8_HDF29c7",0.290500069486683,"KCNQ1-p.R190W"
"608",-40,"20210224_Cell3_HDF29c7",1.17124243598162,"KCNQ1-p.R190W"
"609",-40,"20210224_Cell7_HDF29c7",0.33296931223828,"KCNQ1-p.R190W"
"610",-40,"20210301_Cell9_HDF29c7",NA,"KCNQ1-p.R190W"
"611",-40,"20210301_Cell11_HDF29c7",NA,"KCNQ1-p.R190W"
"612",-40,"20210302_Cell1_HDF29c7",0.139516722970837,"KCNQ1-p.R190W"
"613",-40,"20210302_Cell2_HDF29c7",NA,"KCNQ1-p.R190W"
"614",-40,"20210302_Cell10_HDF29c7",0.159046190778087,"KCNQ1-p.R190W"
"615",-40,"20210304_Cell1_HDF29c7",NA,"KCNQ1-p.R190W"
"616",-40,"20210304_Cell3_HDF29c7",NA,"KCNQ1-p.R190W"
"617",-40,"20210402_Cell4_HDF29c7",-1.06342477259846,"KCNQ1-p.R190W"
"618",-40,"20210616_Cell2_HDF29c7",0.0331280462203487,"KCNQ1-p.R190W"
"619",-40,"20210616_Cell4_HDF29c7",NA,"KCNQ1-p.R190W"
"620",-40,"20210616_Cell8_HDF29c7",0.35132502988388,"KCNQ1-p.R190W"
"621",-40,"20210617_Cell3_HDF29c7",0.0934144825611299,"KCNQ1-p.R190W"
"622",-40,"20210617_Cell9_HDF29c7",NA,"KCNQ1-p.R190W"
"623",-40,"20210709_Cell1_HDF29c7",NA,"KCNQ1-p.R190W"
"624",-40,"20210709_Cell2_HDF29c7",-0.203506183380979,"KCNQ1-p.R190W"
"625",-40,"20210709_Cell3_HDF29c7",-0.798483265363746,"KCNQ1-p.R190W"
"626",-40,"20210709_Cell6_HDF29c7",0.470270329615502,"KCNQ1-p.R190W"
"627",-40,"20210709_Cell7_HDF29c7",0.324589225016622,"KCNQ1-p.R190W"
"628",-40,"20210709_Cell9_HDF29c7",NA,"KCNQ1-p.R190W"
"629",-40,"20210713_Cell6_HDF29c7",0.478184597832814,"KCNQ1-p.R190W"
"630",-40,"20210714_Cell6_HDF29c7",-1.30779106380405,"KCNQ1-p.R190W"
"631",-40,"20210714_Cell19_HDF29c7",-0.094489407797658,"KCNQ1-p.R190W"
"632",-40,"20210715_Cell10_HDF29c7",0.316729558777943,"KCNQ1-p.R190W"
"633",-40,"20210716_Cell8_HDF29c7",0.984984028154584,"KCNQ1-p.R190W"
"634",-40,"20210716_Cell16_HDF29c7",-1.88907486282599,"KCNQ1-p.R190W"
"635",-30,"20210219_Cell6_HDF29c7",0.642134348551432,"KCNQ1-p.R190W"
"636",-30,"20210219_Cell8_HDF29c7",0.65673125201258,"KCNQ1-p.R190W"
"637",-30,"20210224_Cell3_HDF29c7",2.21654224411659,"KCNQ1-p.R190W"
"638",-30,"20210224_Cell7_HDF29c7",0.273389672304364,"KCNQ1-p.R190W"
"639",-30,"20210301_Cell9_HDF29c7",NA,"KCNQ1-p.R190W"
"640",-30,"20210301_Cell11_HDF29c7",NA,"KCNQ1-p.R190W"
"641",-30,"20210302_Cell1_HDF29c7",0.35887479629744,"KCNQ1-p.R190W"
"642",-30,"20210302_Cell2_HDF29c7",NA,"KCNQ1-p.R190W"
"643",-30,"20210302_Cell10_HDF29c7",0.493699831838933,"KCNQ1-p.R190W"
"644",-30,"20210304_Cell1_HDF29c7",NA,"KCNQ1-p.R190W"
"645",-30,"20210304_Cell3_HDF29c7",NA,"KCNQ1-p.R190W"
"646",-30,"20210402_Cell4_HDF29c7",-0.94286043792489,"KCNQ1-p.R190W"
"647",-30,"20210616_Cell2_HDF29c7",0.087423970622401,"KCNQ1-p.R190W"
"648",-30,"20210616_Cell4_HDF29c7",NA,"KCNQ1-p.R190W"
"649",-30,"20210616_Cell8_HDF29c7",0.529346320147071,"KCNQ1-p.R190W"
"650",-30,"20210617_Cell3_HDF29c7",0.378142014290522,"KCNQ1-p.R190W"
"651",-30,"20210617_Cell9_HDF29c7",NA,"KCNQ1-p.R190W"
"652",-30,"20210709_Cell1_HDF29c7",NA,"KCNQ1-p.R190W"
"653",-30,"20210709_Cell2_HDF29c7",-0.0275706934172218,"KCNQ1-p.R190W"
"654",-30,"20210709_Cell3_HDF29c7",-0.847986414358962,"KCNQ1-p.R190W"
"655",-30,"20210709_Cell6_HDF29c7",0.8317611845257,"KCNQ1-p.R190W"
"656",-30,"20210709_Cell7_HDF29c7",0.23152966763645,"KCNQ1-p.R190W"
"657",-30,"20210709_Cell9_HDF29c7",NA,"KCNQ1-p.R190W"
"658",-30,"20210713_Cell6_HDF29c7",0.17413672379085,"KCNQ1-p.R190W"
"659",-30,"20210714_Cell6_HDF29c7",-1.52453742030315,"KCNQ1-p.R190W"
"660",-30,"20210714_Cell19_HDF29c7",0.219889001167245,"KCNQ1-p.R190W"
"661",-30,"20210715_Cell10_HDF29c7",-0.0366689431078039,"KCNQ1-p.R190W"
"662",-30,"20210716_Cell8_HDF29c7",0.254605292370951,"KCNQ1-p.R190W"
"663",-30,"20210716_Cell16_HDF29c7",-2.22435721739583,"KCNQ1-p.R190W"
"664",-20,"20210219_Cell6_HDF29c7",1.1176031789472,"KCNQ1-p.R190W"
"665",-20,"20210219_Cell8_HDF29c7",0.959465996972444,"KCNQ1-p.R190W"
"666",-20,"20210224_Cell3_HDF29c7",2.39573581209776,"KCNQ1-p.R190W"
"667",-20,"20210224_Cell7_HDF29c7",0.0688756318462433,"KCNQ1-p.R190W"
"668",-20,"20210301_Cell9_HDF29c7",NA,"KCNQ1-p.R190W"
"669",-20,"20210301_Cell11_HDF29c7",NA,"KCNQ1-p.R190W"
"670",-20,"20210302_Cell1_HDF29c7",0.63154847186422,"KCNQ1-p.R190W"
"671",-20,"20210302_Cell2_HDF29c7",NA,"KCNQ1-p.R190W"
"672",-20,"20210302_Cell10_HDF29c7",0.712591062175899,"KCNQ1-p.R190W"
"673",-20,"20210304_Cell1_HDF29c7",NA,"KCNQ1-p.R190W"
"674",-20,"20210304_Cell3_HDF29c7",NA,"KCNQ1-p.R190W"
"675",-20,"20210402_Cell4_HDF29c7",-1.57028038938478,"KCNQ1-p.R190W"
"676",-20,"20210616_Cell2_HDF29c7",0.168897151947021,"KCNQ1-p.R190W"
"677",-20,"20210616_Cell4_HDF29c7",NA,"KCNQ1-p.R190W"
"678",-20,"20210616_Cell8_HDF29c7",0.660430074389515,"KCNQ1-p.R190W"
"679",-20,"20210617_Cell3_HDF29c7",0.473614294552107,"KCNQ1-p.R190W"
"680",-20,"20210617_Cell9_HDF29c7",NA,"KCNQ1-p.R190W"
"681",-20,"20210709_Cell1_HDF29c7",NA,"KCNQ1-p.R190W"
"682",-20,"20210709_Cell2_HDF29c7",0.299831297327167,"KCNQ1-p.R190W"
"683",-20,"20210709_Cell3_HDF29c7",-0.830289663149094,"KCNQ1-p.R190W"
"684",-20,"20210709_Cell6_HDF29c7",0.928247919280281,"KCNQ1-p.R190W"
"685",-20,"20210709_Cell7_HDF29c7",0.212673459571152,"KCNQ1-p.R190W"
"686",-20,"20210709_Cell9_HDF29c7",NA,"KCNQ1-p.R190W"
"687",-20,"20210713_Cell6_HDF29c7",0.00845089661223548,"KCNQ1-p.R190W"
"688",-20,"20210714_Cell6_HDF29c7",-1.54841064085586,"KCNQ1-p.R190W"
"689",-20,"20210714_Cell19_HDF29c7",-0.448571618537113,"KCNQ1-p.R190W"
"690",-20,"20210715_Cell10_HDF29c7",0.0867329125902624,"KCNQ1-p.R190W"
"691",-20,"20210716_Cell8_HDF29c7",-0.132172550905129,"KCNQ1-p.R190W"
"692",-20,"20210716_Cell16_HDF29c7",-3.01552257243318,"KCNQ1-p.R190W"
"693",-10,"20210219_Cell6_HDF29c7",1.1758792836179,"KCNQ1-p.R190W"
"694",-10,"20210219_Cell8_HDF29c7",1.25566942938443,"KCNQ1-p.R190W"
"695",-10,"20210224_Cell3_HDF29c7",4.28048278277766,"KCNQ1-p.R190W"
"696",-10,"20210224_Cell7_HDF29c7",0.0823972282823156,"KCNQ1-p.R190W"
"697",-10,"20210301_Cell9_HDF29c7",NA,"KCNQ1-p.R190W"
"698",-10,"20210301_Cell11_HDF29c7",NA,"KCNQ1-p.R190W"
"699",-10,"20210302_Cell1_HDF29c7",0.830403203017564,"KCNQ1-p.R190W"
"700",-10,"20210302_Cell2_HDF29c7",NA,"KCNQ1-p.R190W"
"701",-10,"20210302_Cell10_HDF29c7",0.905656978742803,"KCNQ1-p.R190W"
"702",-10,"20210304_Cell1_HDF29c7",NA,"KCNQ1-p.R190W"
"703",-10,"20210304_Cell3_HDF29c7",NA,"KCNQ1-p.R190W"
"704",-10,"20210402_Cell4_HDF29c7",-1.37099090134764,"KCNQ1-p.R190W"
"705",-10,"20210616_Cell2_HDF29c7",0.166203498840332,"KCNQ1-p.R190W"
"706",-10,"20210616_Cell4_HDF29c7",NA,"KCNQ1-p.R190W"
"707",-10,"20210616_Cell8_HDF29c7",0.954672558060109,"KCNQ1-p.R190W"
"708",-10,"20210617_Cell3_HDF29c7",0.656088819781553,"KCNQ1-p.R190W"
"709",-10,"20210617_Cell9_HDF29c7",NA,"KCNQ1-p.R190W"
"710",-10,"20210709_Cell1_HDF29c7",NA,"KCNQ1-p.R190W"
"711",-10,"20210709_Cell2_HDF29c7",0.717860089556543,"KCNQ1-p.R190W"
"712",-10,"20210709_Cell3_HDF29c7",-0.949319238857105,"KCNQ1-p.R190W"
"713",-10,"20210709_Cell6_HDF29c7",0.76207491951107,"KCNQ1-p.R190W"
"714",-10,"20210709_Cell7_HDF29c7",0.509253936815732,"KCNQ1-p.R190W"
"715",-10,"20210709_Cell9_HDF29c7",NA,"KCNQ1-p.R190W"
"716",-10,"20210713_Cell6_HDF29c7",0.223632897649491,"KCNQ1-p.R190W"
"717",-10,"20210714_Cell6_HDF29c7",-1.32847006709931,"KCNQ1-p.R190W"
"718",-10,"20210714_Cell19_HDF29c7",-0.138769897004298,"KCNQ1-p.R190W"
"719",-10,"20210715_Cell10_HDF29c7",0.0730650779268874,"KCNQ1-p.R190W"
"720",-10,"20210716_Cell8_HDF29c7",-0.383895161634735,"KCNQ1-p.R190W"
"721",-10,"20210716_Cell16_HDF29c7",-2.9648821291607,"KCNQ1-p.R190W"
"722",0,"20210219_Cell6_HDF29c7",1.41822421166205,"KCNQ1-p.R190W"
"723",0,"20210219_Cell8_HDF29c7",1.54985066117911,"KCNQ1-p.R190W"
"724",0,"20210224_Cell3_HDF29c7",5.03008047620003,"KCNQ1-p.R190W"
"725",0,"20210224_Cell7_HDF29c7",0.0460579378603713,"KCNQ1-p.R190W"
"726",0,"20210301_Cell9_HDF29c7",NA,"KCNQ1-p.R190W"
"727",0,"20210301_Cell11_HDF29c7",NA,"KCNQ1-p.R190W"
"728",0,"20210302_Cell1_HDF29c7",0.522734729888339,"KCNQ1-p.R190W"
"729",0,"20210302_Cell2_HDF29c7",NA,"KCNQ1-p.R190W"
"730",0,"20210302_Cell10_HDF29c7",0.590104136142629,"KCNQ1-p.R190W"
"731",0,"20210304_Cell1_HDF29c7",NA,"KCNQ1-p.R190W"
"732",0,"20210304_Cell3_HDF29c7",NA,"KCNQ1-p.R190W"
"733",0,"20210402_Cell4_HDF29c7",-1.13259537401074,"KCNQ1-p.R190W"
"734",0,"20210616_Cell2_HDF29c7",0.270093548682428,"KCNQ1-p.R190W"
"735",0,"20210616_Cell4_HDF29c7",NA,"KCNQ1-p.R190W"
"736",0,"20210616_Cell8_HDF29c7",1.31159614604679,"KCNQ1-p.R190W"
"737",0,"20210617_Cell3_HDF29c7",0.997099052355126,"KCNQ1-p.R190W"
"738",0,"20210617_Cell9_HDF29c7",NA,"KCNQ1-p.R190W"
"739",0,"20210709_Cell1_HDF29c7",NA,"KCNQ1-p.R190W"
"740",0,"20210709_Cell2_HDF29c7",1.26663576725379,"KCNQ1-p.R190W"
"741",0,"20210709_Cell3_HDF29c7",-1.21967926405755,"KCNQ1-p.R190W"
"742",0,"20210709_Cell6_HDF29c7",0.847768853973034,"KCNQ1-p.R190W"
"743",0,"20210709_Cell7_HDF29c7",0.725211222446742,"KCNQ1-p.R190W"
"744",0,"20210709_Cell9_HDF29c7",NA,"KCNQ1-p.R190W"
"745",0,"20210713_Cell6_HDF29c7",0.480326448168073,"KCNQ1-p.R190W"
"746",0,"20210714_Cell6_HDF29c7",-0.126667350330012,"KCNQ1-p.R190W"
"747",0,"20210714_Cell19_HDF29c7",-0.0461748767008891,"KCNQ1-p.R190W"
"748",0,"20210715_Cell10_HDF29c7",0.206861637320304,"KCNQ1-p.R190W"
"749",0,"20210716_Cell8_HDF29c7",-0.0493420475775646,"KCNQ1-p.R190W"
"750",0,"20210716_Cell16_HDF29c7",-3.39055414918493,"KCNQ1-p.R190W"
"751",10,"20210219_Cell6_HDF29c7",1.62695739089802,"KCNQ1-p.R190W"
"752",10,"20210219_Cell8_HDF29c7",1.7555360136361,"KCNQ1-p.R190W"
"753",10,"20210224_Cell3_HDF29c7",4.74257022070366,"KCNQ1-p.R190W"
"754",10,"20210224_Cell7_HDF29c7",0.278037826716737,"KCNQ1-p.R190W"
"755",10,"20210301_Cell9_HDF29c7",NA,"KCNQ1-p.R190W"
"756",10,"20210301_Cell11_HDF29c7",NA,"KCNQ1-p.R190W"
"757",10,"20210302_Cell1_HDF29c7",0.766359092490275,"KCNQ1-p.R190W"
"758",10,"20210302_Cell2_HDF29c7",NA,"KCNQ1-p.R190W"
"759",10,"20210302_Cell10_HDF29c7",0.862996178308541,"KCNQ1-p.R190W"
"760",10,"20210304_Cell1_HDF29c7",NA,"KCNQ1-p.R190W"
"761",10,"20210304_Cell3_HDF29c7",NA,"KCNQ1-p.R190W"
"762",10,"20210402_Cell4_HDF29c7",-0.959514710774677,"KCNQ1-p.R190W"
"763",10,"20210616_Cell2_HDF29c7",0.7398318629111,"KCNQ1-p.R190W"
"764",10,"20210616_Cell4_HDF29c7",NA,"KCNQ1-p.R190W"
"765",10,"20210616_Cell8_HDF29c7",1.68680409916111,"KCNQ1-p.R190W"
"766",10,"20210617_Cell3_HDF29c7",1.07450814848964,"KCNQ1-p.R190W"
"767",10,"20210617_Cell9_HDF29c7",NA,"KCNQ1-p.R190W"
"768",10,"20210709_Cell1_HDF29c7",NA,"KCNQ1-p.R190W"
"769",10,"20210709_Cell2_HDF29c7",2.01377189598771,"KCNQ1-p.R190W"
"770",10,"20210709_Cell3_HDF29c7",-0.90861726359475,"KCNQ1-p.R190W"
"771",10,"20210709_Cell6_HDF29c7",0.939881443265621,"KCNQ1-p.R190W"
"772",10,"20210709_Cell7_HDF29c7",0.84948937737707,"KCNQ1-p.R190W"
"773",10,"20210709_Cell9_HDF29c7",NA,"KCNQ1-p.R190W"
"774",10,"20210713_Cell6_HDF29c7",1.13096693583897,"KCNQ1-p.R190W"
"775",10,"20210714_Cell6_HDF29c7",1.55394789348203,"KCNQ1-p.R190W"
"776",10,"20210714_Cell19_HDF29c7",0.64097389427777,"KCNQ1-p.R190W"
"777",10,"20210715_Cell10_HDF29c7",0.497887158795118,"KCNQ1-p.R190W"
"778",10,"20210716_Cell8_HDF29c7",0.325877851996983,"KCNQ1-p.R190W"
"779",10,"20210716_Cell16_HDF29c7",-3.24282333198112,"KCNQ1-p.R190W"
"780",20,"20210219_Cell6_HDF29c7",1.64816136513987,"KCNQ1-p.R190W"
"781",20,"20210219_Cell8_HDF29c7",1.88439089676429,"KCNQ1-p.R190W"
"782",20,"20210224_Cell3_HDF29c7",6.0030893728421,"KCNQ1-p.R190W"
"783",20,"20210224_Cell7_HDF29c7",0.433113635842941,"KCNQ1-p.R190W"
"784",20,"20210301_Cell9_HDF29c7",NA,"KCNQ1-p.R190W"
"785",20,"20210301_Cell11_HDF29c7",NA,"KCNQ1-p.R190W"
"786",20,"20210302_Cell1_HDF29c7",0.684386955140754,"KCNQ1-p.R190W"
"787",20,"20210302_Cell2_HDF29c7",NA,"KCNQ1-p.R190W"
"788",20,"20210302_Cell10_HDF29c7",1.2328917047943,"KCNQ1-p.R190W"
"789",20,"20210304_Cell1_HDF29c7",NA,"KCNQ1-p.R190W"
"790",20,"20210304_Cell3_HDF29c7",NA,"KCNQ1-p.R190W"
"791",20,"20210402_Cell4_HDF29c7",-1.1284119862617,"KCNQ1-p.R190W"
"792",20,"20210616_Cell2_HDF29c7",1.23453915503717,"KCNQ1-p.R190W"
"793",20,"20210616_Cell4_HDF29c7",NA,"KCNQ1-p.R190W"
"794",20,"20210616_Cell8_HDF29c7",2.17650366611167,"KCNQ1-p.R190W"
"795",20,"20210617_Cell3_HDF29c7",1.50312523702973,"KCNQ1-p.R190W"
"796",20,"20210617_Cell9_HDF29c7",NA,"KCNQ1-p.R190W"
"797",20,"20210709_Cell1_HDF29c7",NA,"KCNQ1-p.R190W"
"798",20,"20210709_Cell2_HDF29c7",2.6036300529923,"KCNQ1-p.R190W"
"799",20,"20210709_Cell3_HDF29c7",-0.804815564337812,"KCNQ1-p.R190W"
"800",20,"20210709_Cell6_HDF29c7",1.03756451913411,"KCNQ1-p.R190W"
"801",20,"20210709_Cell7_HDF29c7",0.836814488953858,"KCNQ1-p.R190W"
"802",20,"20210709_Cell9_HDF29c7",NA,"KCNQ1-p.R190W"
"803",20,"20210713_Cell6_HDF29c7",2.35283006940568,"KCNQ1-p.R190W"
"804",20,"20210714_Cell6_HDF29c7",2.92305878793015,"KCNQ1-p.R190W"
"805",20,"20210714_Cell19_HDF29c7",0.239667876782697,"KCNQ1-p.R190W"
"806",20,"20210715_Cell10_HDF29c7",-0.0942858963755151,"KCNQ1-p.R190W"
"807",20,"20210716_Cell8_HDF29c7",0.698959057662262,"KCNQ1-p.R190W"
"808",20,"20210716_Cell16_HDF29c7",-1.80944096062731,"KCNQ1-p.R190W"
"809",30,"20210219_Cell6_HDF29c7",1.78768707603537,"KCNQ1-p.R190W"
"810",30,"20210219_Cell8_HDF29c7",1.91307478937609,"KCNQ1-p.R190W"
"811",30,"20210224_Cell3_HDF29c7",6.02150261802579,"KCNQ1-p.R190W"
"812",30,"20210224_Cell7_HDF29c7",0.671854322917342,"KCNQ1-p.R190W"
"813",30,"20210301_Cell9_HDF29c7",NA,"KCNQ1-p.R190W"
"814",30,"20210301_Cell11_HDF29c7",NA,"KCNQ1-p.R190W"
"815",30,"20210302_Cell1_HDF29c7",0.876247103502814,"KCNQ1-p.R190W"
"816",30,"20210302_Cell2_HDF29c7",NA,"KCNQ1-p.R190W"
"817",30,"20210302_Cell10_HDF29c7",1.13760821507569,"KCNQ1-p.R190W"
"818",30,"20210304_Cell1_HDF29c7",NA,"KCNQ1-p.R190W"
"819",30,"20210304_Cell3_HDF29c7",NA,"KCNQ1-p.R190W"
"820",30,"20210402_Cell4_HDF29c7",-0.676433316504781,"KCNQ1-p.R190W"
"821",30,"20210616_Cell2_HDF29c7",2.17355592789188,"KCNQ1-p.R190W"
"822",30,"20210616_Cell4_HDF29c7",NA,"KCNQ1-p.R190W"
"823",30,"20210616_Cell8_HDF29c7",2.68256298961534,"KCNQ1-p.R190W"
"824",30,"20210617_Cell3_HDF29c7",1.62649565761529,"KCNQ1-p.R190W"
"825",30,"20210617_Cell9_HDF29c7",NA,"KCNQ1-p.R190W"
"826",30,"20210709_Cell1_HDF29c7",NA,"KCNQ1-p.R190W"
"827",30,"20210709_Cell2_HDF29c7",3.10033657229766,"KCNQ1-p.R190W"
"828",30,"20210709_Cell3_HDF29c7",-0.801552604969667,"KCNQ1-p.R190W"
"829",30,"20210709_Cell6_HDF29c7",1.05532389402079,"KCNQ1-p.R190W"
"830",30,"20210709_Cell7_HDF29c7",0.9158981674123,"KCNQ1-p.R190W"
"831",30,"20210709_Cell9_HDF29c7",NA,"KCNQ1-p.R190W"
"832",30,"20210713_Cell6_HDF29c7",3.44256482805523,"KCNQ1-p.R190W"
"833",30,"20210714_Cell6_HDF29c7",4.50574778120501,"KCNQ1-p.R190W"
"834",30,"20210714_Cell19_HDF29c7",0.65904095787097,"KCNQ1-p.R190W"
"835",30,"20210715_Cell10_HDF29c7",-0.669542921889758,"KCNQ1-p.R190W"
"836",30,"20210716_Cell8_HDF29c7",1.95636648240973,"KCNQ1-p.R190W"
"837",30,"20210716_Cell16_HDF29c7",-0.506442066246491,"KCNQ1-p.R190W"
"838",40,"20210219_Cell6_HDF29c7",1.96832734795027,"KCNQ1-p.R190W"
"839",40,"20210219_Cell8_HDF29c7",1.94985406152133,"KCNQ1-p.R190W"
"840",40,"20210224_Cell3_HDF29c7",6.32693197889231,"KCNQ1-p.R190W"
"841",40,"20210224_Cell7_HDF29c7",0.491425520473503,"KCNQ1-p.R190W"
"842",40,"20210301_Cell9_HDF29c7",NA,"KCNQ1-p.R190W"
"843",40,"20210301_Cell11_HDF29c7",NA,"KCNQ1-p.R190W"
"844",40,"20210302_Cell1_HDF29c7",0.954784829603572,"KCNQ1-p.R190W"
"845",40,"20210302_Cell2_HDF29c7",NA,"KCNQ1-p.R190W"
"846",40,"20210302_Cell10_HDF29c7",0.303078596111029,"KCNQ1-p.R190W"
"847",40,"20210304_Cell1_HDF29c7",NA,"KCNQ1-p.R190W"
"848",40,"20210304_Cell3_HDF29c7",NA,"KCNQ1-p.R190W"
"849",40,"20210402_Cell4_HDF29c7",-0.664064878867795,"KCNQ1-p.R190W"
"850",40,"20210616_Cell2_HDF29c7",2.2855463335591,"KCNQ1-p.R190W"
"851",40,"20210616_Cell4_HDF29c7",NA,"KCNQ1-p.R190W"
"852",40,"20210616_Cell8_HDF29c7",3.1967850148352,"KCNQ1-p.R190W"
"853",40,"20210617_Cell3_HDF29c7",1.62174321146845,"KCNQ1-p.R190W"
"854",40,"20210617_Cell9_HDF29c7",NA,"KCNQ1-p.R190W"
"855",40,"20210709_Cell1_HDF29c7",NA,"KCNQ1-p.R190W"
"856",40,"20210709_Cell2_HDF29c7",3.45277828528682,"KCNQ1-p.R190W"
"857",40,"20210709_Cell3_HDF29c7",-1.75629640535162,"KCNQ1-p.R190W"
"858",40,"20210709_Cell6_HDF29c7",0.967159714300639,"KCNQ1-p.R190W"
"859",40,"20210709_Cell7_HDF29c7",0.873362269324254,"KCNQ1-p.R190W"
"860",40,"20210709_Cell9_HDF29c7",NA,"KCNQ1-p.R190W"
"861",40,"20210713_Cell6_HDF29c7",4.52632658822195,"KCNQ1-p.R190W"
"862",40,"20210714_Cell6_HDF29c7",5.87570601844827,"KCNQ1-p.R190W"
"863",40,"20210714_Cell19_HDF29c7",1.15842682377574,"KCNQ1-p.R190W"
"864",40,"20210715_Cell10_HDF29c7",-1.31545993418742,"KCNQ1-p.R190W"
"865",40,"20210716_Cell8_HDF29c7",2.04806303793377,"KCNQ1-p.R190W"
"866",40,"20210716_Cell16_HDF29c7",1.5116527865102,"KCNQ1-p.R190W"
"867",50,"20210219_Cell6_HDF29c7",2.32851746261759,"KCNQ1-p.R190W"
"868",50,"20210219_Cell8_HDF29c7",1.88157048718683,"KCNQ1-p.R190W"
"869",50,"20210224_Cell3_HDF29c7",6.61847111653222,"KCNQ1-p.R190W"
"870",50,"20210224_Cell7_HDF29c7",0.773265873637995,"KCNQ1-p.R190W"
"871",50,"20210301_Cell9_HDF29c7",NA,"KCNQ1-p.R190W"
"872",50,"20210301_Cell11_HDF29c7",NA,"KCNQ1-p.R190W"
"873",50,"20210302_Cell1_HDF29c7",0.971874892765631,"KCNQ1-p.R190W"
"874",50,"20210302_Cell2_HDF29c7",NA,"KCNQ1-p.R190W"
"875",50,"20210302_Cell10_HDF29c7",1.0497232331101,"KCNQ1-p.R190W"
"876",50,"20210304_Cell1_HDF29c7",NA,"KCNQ1-p.R190W"
"877",50,"20210304_Cell3_HDF29c7",NA,"KCNQ1-p.R190W"
"878",50,"20210402_Cell4_HDF29c7",-0.410639792171559,"KCNQ1-p.R190W"
"879",50,"20210616_Cell2_HDF29c7",2.33558605563256,"KCNQ1-p.R190W"
"880",50,"20210616_Cell4_HDF29c7",NA,"KCNQ1-p.R190W"
"881",50,"20210616_Cell8_HDF29c7",3.79992308903261,"KCNQ1-p.R190W"
"882",50,"20210617_Cell3_HDF29c7",2.03415702153177,"KCNQ1-p.R190W"
"883",50,"20210617_Cell9_HDF29c7",NA,"KCNQ1-p.R190W"
"884",50,"20210709_Cell1_HDF29c7",NA,"KCNQ1-p.R190W"
"885",50,"20210709_Cell2_HDF29c7",3.91656537469679,"KCNQ1-p.R190W"
"886",50,"20210709_Cell3_HDF29c7",-1.36103547378303,"KCNQ1-p.R190W"
"887",50,"20210709_Cell6_HDF29c7",0.423754845079149,"KCNQ1-p.R190W"
"888",50,"20210709_Cell7_HDF29c7",1.14539935758469,"KCNQ1-p.R190W"
"889",50,"20210709_Cell9_HDF29c7",NA,"KCNQ1-p.R190W"
"890",50,"20210713_Cell6_HDF29c7",6.01693998064312,"KCNQ1-p.R190W"
"891",50,"20210714_Cell6_HDF29c7",6.53629958033954,"KCNQ1-p.R190W"
"892",50,"20210714_Cell19_HDF29c7",0.577060760288407,"KCNQ1-p.R190W"
"893",50,"20210715_Cell10_HDF29c7",0.692415176292192,"KCNQ1-p.R190W"
"894",50,"20210716_Cell8_HDF29c7",4.48093582299824,"KCNQ1-p.R190W"
"895",50,"20210716_Cell16_HDF29c7",2.56878605959518,"KCNQ1-p.R190W"
"896",60,"20210219_Cell6_HDF29c7",2.86795667422714,"KCNQ1-p.R190W"
"897",60,"20210219_Cell8_HDF29c7",1.77981212221343,"KCNQ1-p.R190W"
"898",60,"20210224_Cell3_HDF29c7",7.66725303473752,"KCNQ1-p.R190W"
"899",60,"20210224_Cell7_HDF29c7",0.761857449194948,"KCNQ1-p.R190W"
"900",60,"20210301_Cell9_HDF29c7",NA,"KCNQ1-p.R190W"
"901",60,"20210301_Cell11_HDF29c7",NA,"KCNQ1-p.R190W"
"902",60,"20210302_Cell1_HDF29c7",0.471213865104133,"KCNQ1-p.R190W"
"903",60,"20210302_Cell2_HDF29c7",NA,"KCNQ1-p.R190W"
"904",60,"20210302_Cell10_HDF29c7",1.19517441598554,"KCNQ1-p.R190W"
"905",60,"20210304_Cell1_HDF29c7",NA,"KCNQ1-p.R190W"
"906",60,"20210304_Cell3_HDF29c7",NA,"KCNQ1-p.R190W"
"907",60,"20210402_Cell4_HDF29c7",0.522540825956355,"KCNQ1-p.R190W"
"908",60,"20210616_Cell2_HDF29c7",2.74748771421371,"KCNQ1-p.R190W"
"909",60,"20210616_Cell4_HDF29c7",NA,"KCNQ1-p.R190W"
"910",60,"20210616_Cell8_HDF29c7",4.20879326492059,"KCNQ1-p.R190W"
"911",60,"20210617_Cell3_HDF29c7",2.4946226842195,"KCNQ1-p.R190W"
"912",60,"20210617_Cell9_HDF29c7",NA,"KCNQ1-p.R190W"
"913",60,"20210709_Cell1_HDF29c7",NA,"KCNQ1-p.R190W"
"914",60,"20210709_Cell2_HDF29c7",4.10767674046643,"KCNQ1-p.R190W"
"915",60,"20210709_Cell3_HDF29c7",-0.91942319500065,"KCNQ1-p.R190W"
"916",60,"20210709_Cell6_HDF29c7",0.531767529898124,"KCNQ1-p.R190W"
"917",60,"20210709_Cell7_HDF29c7",1.00310567632821,"KCNQ1-p.R190W"
"918",60,"20210709_Cell9_HDF29c7",NA,"KCNQ1-p.R190W"
"919",60,"20210713_Cell6_HDF29c7",7.19812447684152,"KCNQ1-p.R190W"
"920",60,"20210714_Cell6_HDF29c7",6.9396874012576,"KCNQ1-p.R190W"
"921",60,"20210714_Cell19_HDF29c7",1.38353956987846,"KCNQ1-p.R190W"
"922",60,"20210715_Cell10_HDF29c7",2.37049271956502,"KCNQ1-p.R190W"
"923",60,"20210716_Cell8_HDF29c7",5.23970165965008,"KCNQ1-p.R190W"
"924",60,"20210716_Cell16_HDF29c7",4.39014548226281,"KCNQ1-p.R190W"
"925",-40,"20210407_Cell2_HDF30c3",NA,"Compound JLNS"
"926",-40,"20210407_Cell8_HDF30c3",NA,"Compound JLNS"
"927",-40,"20210408_Cell1_HDF30c3",-0.620985556473749,"Compound JLNS"
"928",-40,"20210713_Cell2_HDF30c3",0.159550929773484,"Compound JLNS"
"929",-40,"20210713_Cell8_HDF30c3",0.0381990672103977,"Compound JLNS"
"930",-40,"20210713_Cell10_HDF30c3",NA,"Compound JLNS"
"931",-40,"20210714_Cell3_HDF30c3",NA,"Compound JLNS"
"932",-40,"20210714_Cell9_HDF30c3",-0.886188952072359,"Compound JLNS"
"933",-40,"20210714_Cell16_HDF30c3",-0.119803206194935,"Compound JLNS"
"934",-40,"20210715_Cell3_HDF30c3",NA,"Compound JLNS"
"935",-40,"20210715_Cell14_HDF30c3",NA,"Compound JLNS"
"936",-40,"20210716_Cell13_HDF30c3",0.00597190390101213,"Compound JLNS"
"937",-40,"20210726_Cell4_HDF30c3",NA,"Compound JLNS"
"938",-40,"20210726_Cell11_HDF30c3",NA,"Compound JLNS"
"939",-40,"20210727_Cell7_HDF30c3",0.108732936351208,"Compound JLNS"
"940",-40,"20210727_Cell8_HDF30c3",0.0949159990380654,"Compound JLNS"
"941",-40,"20210727_Cell9_HDF30c3",-1.22042837558086,"Compound JLNS"
"942",-40,"20210802_Cell4_HDF30c3",0.0600627199422913,"Compound JLNS"
"943",-40,"...20",NA,"Compound JLNS"
"944",-30,"20210407_Cell2_HDF30c3",NA,"Compound JLNS"
"945",-30,"20210407_Cell8_HDF30c3",NA,"Compound JLNS"
"946",-30,"20210408_Cell1_HDF30c3",-0.473736393886757,"Compound JLNS"
"947",-30,"20210713_Cell2_HDF30c3",0.38358567269559,"Compound JLNS"
"948",-30,"20210713_Cell8_HDF30c3",0.250502482469233,"Compound JLNS"
"949",-30,"20210713_Cell10_HDF30c3",NA,"Compound JLNS"
"950",-30,"20210714_Cell3_HDF30c3",NA,"Compound JLNS"
"951",-30,"20210714_Cell9_HDF30c3",-0.853152896058224,"Compound JLNS"
"952",-30,"20210714_Cell16_HDF30c3",-0.227259124146457,"Compound JLNS"
"953",-30,"20210715_Cell3_HDF30c3",NA,"Compound JLNS"
"954",-30,"20210715_Cell14_HDF30c3",NA,"Compound JLNS"
"955",-30,"20210716_Cell13_HDF30c3",0.546360237617932,"Compound JLNS"
"956",-30,"20210726_Cell4_HDF30c3",NA,"Compound JLNS"
"957",-30,"20210726_Cell11_HDF30c3",NA,"Compound JLNS"
"958",-30,"20210727_Cell7_HDF30c3",0.118892312848427,"Compound JLNS"
"959",-30,"20210727_Cell8_HDF30c3",0.107951095849974,"Compound JLNS"
"960",-30,"20210727_Cell9_HDF30c3",-0.532831316959785,"Compound JLNS"
"961",-30,"20210802_Cell4_HDF30c3",0.00114670827872314,"Compound JLNS"
"962",-30,"...20",NA,"Compound JLNS"
"963",-20,"20210407_Cell2_HDF30c3",NA,"Compound JLNS"
"964",-20,"20210407_Cell8_HDF30c3",NA,"Compound JLNS"
"965",-20,"20210408_Cell1_HDF30c3",-0.482489241157316,"Compound JLNS"
"966",-20,"20210713_Cell2_HDF30c3",0.423014799228842,"Compound JLNS"
"967",-20,"20210713_Cell8_HDF30c3",0.31850898181395,"Compound JLNS"
"968",-20,"20210713_Cell10_HDF30c3",NA,"Compound JLNS"
"969",-20,"20210714_Cell3_HDF30c3",NA,"Compound JLNS"
"970",-20,"20210714_Cell9_HDF30c3",-0.818103552901689,"Compound JLNS"
"971",-20,"20210714_Cell16_HDF30c3",-0.349031026428631,"Compound JLNS"
"972",-20,"20210715_Cell3_HDF30c3",NA,"Compound JLNS"
"973",-20,"20210715_Cell14_HDF30c3",NA,"Compound JLNS"
"974",-20,"20210716_Cell13_HDF30c3",1.26675568265898,"Compound JLNS"
"975",-20,"20210726_Cell4_HDF30c3",NA,"Compound JLNS"
"976",-20,"20210726_Cell11_HDF30c3",NA,"Compound JLNS"
"977",-20,"20210727_Cell7_HDF30c3",0.130618274892836,"Compound JLNS"
"978",-20,"20210727_Cell8_HDF30c3",0.177551409602781,"Compound JLNS"
"979",-20,"20210727_Cell9_HDF30c3",-0.311230252139986,"Compound JLNS"
"980",-20,"20210802_Cell4_HDF30c3",-0.0582341815228501,"Compound JLNS"
"981",-20,"...20",NA,"Compound JLNS"
"982",-10,"20210407_Cell2_HDF30c3",NA,"Compound JLNS"
"983",-10,"20210407_Cell8_HDF30c3",NA,"Compound JLNS"
"984",-10,"20210408_Cell1_HDF30c3",-0.410390824795506,"Compound JLNS"
"985",-10,"20210713_Cell2_HDF30c3",0.632937130539185,"Compound JLNS"
"986",-10,"20210713_Cell8_HDF30c3",0.425554202095379,"Compound JLNS"
"987",-10,"20210713_Cell10_HDF30c3",NA,"Compound JLNS"
"988",-10,"20210714_Cell3_HDF30c3",NA,"Compound JLNS"
"989",-10,"20210714_Cell9_HDF30c3",-0.40119959685561,"Compound JLNS"
"990",-10,"20210714_Cell16_HDF30c3",-0.199818535918134,"Compound JLNS"
"991",-10,"20210715_Cell3_HDF30c3",NA,"Compound JLNS"
"992",-10,"20210715_Cell14_HDF30c3",NA,"Compound JLNS"
"993",-10,"20210716_Cell13_HDF30c3",1.42097481958809,"Compound JLNS"
"994",-10,"20210726_Cell4_HDF30c3",NA,"Compound JLNS"
"995",-10,"20210726_Cell11_HDF30c3",NA,"Compound JLNS"
"996",-10,"20210727_Cell7_HDF30c3",0.12349726497238,"Compound JLNS"
"997",-10,"20210727_Cell8_HDF30c3",0.334682586970098,"Compound JLNS"
"998",-10,"20210727_Cell9_HDF30c3",-0.218444013465015,"Compound JLNS"
"999",-10,"20210802_Cell4_HDF30c3",-0.148177719556379,"Compound JLNS"
"1000",-10,"...20",NA,"Compound JLNS"
"1001",0,"20210407_Cell2_HDF30c3",NA,"Compound JLNS"
"1002",0,"20210407_Cell8_HDF30c3",NA,"Compound JLNS"
"1003",0,"20210408_Cell1_HDF30c3",-0.230877587637014,"Compound JLNS"
"1004",0,"20210713_Cell2_HDF30c3",0.682274760504143,"Compound JLNS"
"1005",0,"20210713_Cell8_HDF30c3",0.542735911719207,"Compound JLNS"
"1006",0,"20210713_Cell10_HDF30c3",NA,"Compound JLNS"
"1007",0,"20210714_Cell3_HDF30c3",NA,"Compound JLNS"
"1008",0,"20210714_Cell9_HDF30c3",-0.410526453037604,"Compound JLNS"
"1009",0,"20210714_Cell16_HDF30c3",-0.891866259596458,"Compound JLNS"
"1010",0,"20210715_Cell3_HDF30c3",NA,"Compound JLNS"
"1011",0,"20210715_Cell14_HDF30c3",NA,"Compound JLNS"
"1012",0,"20210716_Cell13_HDF30c3",1.36689589542002,"Compound JLNS"
"1013",0,"20210726_Cell4_HDF30c3",NA,"Compound JLNS"
"1014",0,"20210726_Cell11_HDF30c3",NA,"Compound JLNS"
"1015",0,"20210727_Cell7_HDF30c3",0.126418036460007,"Compound JLNS"
"1016",0,"20210727_Cell8_HDF30c3",0.397421411927997,"Compound JLNS"
"1017",0,"20210727_Cell9_HDF30c3",0.251973989523993,"Compound JLNS"
"1018",0,"20210802_Cell4_HDF30c3",-0.0165276514896743,"Compound JLNS"
"1019",0,"...20",NA,"Compound JLNS"
"1020",10,"20210407_Cell2_HDF30c3",NA,"Compound JLNS"
"1021",10,"20210407_Cell8_HDF30c3",NA,"Compound JLNS"
"1022",10,"20210408_Cell1_HDF30c3",-0.156502394633925,"Compound JLNS"
"1023",10,"20210713_Cell2_HDF30c3",0.899097050276731,"Compound JLNS"
"1024",10,"20210713_Cell8_HDF30c3",0.739668357248723,"Compound JLNS"
"1025",10,"20210713_Cell10_HDF30c3",NA,"Compound JLNS"
"1026",10,"20210714_Cell3_HDF30c3",NA,"Compound JLNS"
"1027",10,"20210714_Cell9_HDF30c3",-0.0287678278866232,"Compound JLNS"
"1028",10,"20210714_Cell16_HDF30c3",-0.1793034454883,"Compound JLNS"
"1029",10,"20210715_Cell3_HDF30c3",NA,"Compound JLNS"
"1030",10,"20210715_Cell14_HDF30c3",NA,"Compound JLNS"
"1031",10,"20210716_Cell13_HDF30c3",1.29535740972382,"Compound JLNS"
"1032",10,"20210726_Cell4_HDF30c3",NA,"Compound JLNS"
"1033",10,"20210726_Cell11_HDF30c3",NA,"Compound JLNS"
"1034",10,"20210727_Cell7_HDF30c3",0.136319694902491,"Compound JLNS"
"1035",10,"20210727_Cell8_HDF30c3",0.376366350064391,"Compound JLNS"
"1036",10,"20210727_Cell9_HDF30c3",-0.137073010092878,"Compound JLNS"
"1037",10,"20210802_Cell4_HDF30c3",-0.249305000847156,"Compound JLNS"
"1038",10,"...20",NA,"Compound JLNS"
"1039",20,"20210407_Cell2_HDF30c3",NA,"Compound JLNS"
"1040",20,"20210407_Cell8_HDF30c3",NA,"Compound JLNS"
"1041",20,"20210408_Cell1_HDF30c3",-0.248451992245111,"Compound JLNS"
"1042",20,"20210713_Cell2_HDF30c3",0.621671627158654,"Compound JLNS"
"1043",20,"20210713_Cell8_HDF30c3",0.487354681480527,"Compound JLNS"
"1044",20,"20210713_Cell10_HDF30c3",NA,"Compound JLNS"
"1045",20,"20210714_Cell3_HDF30c3",NA,"Compound JLNS"
"1046",20,"20210714_Cell9_HDF30c3",0.57537928415718,"Compound JLNS"
"1047",20,"20210714_Cell16_HDF30c3",-0.29555154934034,"Compound JLNS"
"1048",20,"20210715_Cell3_HDF30c3",NA,"Compound JLNS"
"1049",20,"20210715_Cell14_HDF30c3",NA,"Compound JLNS"
"1050",20,"20210716_Cell13_HDF30c3",0.954903470814435,"Compound JLNS"
"1051",20,"20210726_Cell4_HDF30c3",NA,"Compound JLNS"
"1052",20,"20210726_Cell11_HDF30c3",NA,"Compound JLNS"
"1053",20,"20210727_Cell7_HDF30c3",0.18783993308904,"Compound JLNS"
"1054",20,"20210727_Cell8_HDF30c3",0.35852477169216,"Compound JLNS"
"1055",20,"20210727_Cell9_HDF30c3",0.0172171042878731,"Compound JLNS"
"1056",20,"20210802_Cell4_HDF30c3",-0.303191415659579,"Compound JLNS"
"1057",20,"...20",NA,"Compound JLNS"
"1058",30,"20210407_Cell2_HDF30c3",NA,"Compound JLNS"
"1059",30,"20210407_Cell8_HDF30c3",NA,"Compound JLNS"
"1060",30,"20210408_Cell1_HDF30c3",-0.250266901819761,"Compound JLNS"
"1061",30,"20210713_Cell2_HDF30c3",0.561966245183476,"Compound JLNS"
"1062",30,"20210713_Cell8_HDF30c3",0.324666873142958,"Compound JLNS"
"1063",30,"20210713_Cell10_HDF30c3",NA,"Compound JLNS"
"1064",30,"20210714_Cell3_HDF30c3",NA,"Compound JLNS"
"1065",30,"20210714_Cell9_HDF30c3",1.21836682676911,"Compound JLNS"
"1066",30,"20210714_Cell16_HDF30c3",0.204737029609045,"Compound JLNS"
"1067",30,"20210715_Cell3_HDF30c3",NA,"Compound JLNS"
"1068",30,"20210715_Cell14_HDF30c3",NA,"Compound JLNS"
"1069",30,"20210716_Cell13_HDF30c3",1.06613010355205,"Compound JLNS"
"1070",30,"20210726_Cell4_HDF30c3",NA,"Compound JLNS"
"1071",30,"20210726_Cell11_HDF30c3",NA,"Compound JLNS"
"1072",30,"20210727_Cell7_HDF30c3",0.12998307823494,"Compound JLNS"
"1073",30,"20210727_Cell8_HDF30c3",0.448154842540171,"Compound JLNS"
"1074",30,"20210727_Cell9_HDF30c3",-0.258460454413787,"Compound JLNS"
"1075",30,"20210802_Cell4_HDF30c3",-0.293999913731501,"Compound JLNS"
"1076",30,"...20",NA,"Compound JLNS"
"1077",40,"20210407_Cell2_HDF30c3",NA,"Compound JLNS"
"1078",40,"20210407_Cell8_HDF30c3",NA,"Compound JLNS"
"1079",40,"20210408_Cell1_HDF30c3",0.458491257094791,"Compound JLNS"
"1080",40,"20210713_Cell2_HDF30c3",0.440835610414934,"Compound JLNS"
"1081",40,"20210713_Cell8_HDF30c3",0.581740902206046,"Compound JLNS"
"1082",40,"20210713_Cell10_HDF30c3",NA,"Compound JLNS"
"1083",40,"20210714_Cell3_HDF30c3",NA,"Compound JLNS"
"1084",40,"20210714_Cell9_HDF30c3",2.37458887326671,"Compound JLNS"
"1085",40,"20210714_Cell16_HDF30c3",-1.04680642444162,"Compound JLNS"
"1086",40,"20210715_Cell3_HDF30c3",NA,"Compound JLNS"
"1087",40,"20210715_Cell14_HDF30c3",NA,"Compound JLNS"
"1088",40,"20210716_Cell13_HDF30c3",0.783031399518579,"Compound JLNS"
"1089",40,"20210726_Cell4_HDF30c3",NA,"Compound JLNS"
"1090",40,"20210726_Cell11_HDF30c3",NA,"Compound JLNS"
"1091",40,"20210727_Cell7_HDF30c3",0.395935472959709,"Compound JLNS"
"1092",40,"20210727_Cell8_HDF30c3",0.381093171267152,"Compound JLNS"
"1093",40,"20210727_Cell9_HDF30c3",0.17316417324188,"Compound JLNS"
"1094",40,"20210802_Cell4_HDF30c3",-0.0620285036386145,"Compound JLNS"
"1095",40,"...20",NA,"Compound JLNS"
"1096",50,"20210407_Cell2_HDF30c3",NA,"Compound JLNS"
"1097",50,"20210407_Cell8_HDF30c3",NA,"Compound JLNS"
"1098",50,"20210408_Cell1_HDF30c3",1.50940547890827,"Compound JLNS"
"1099",50,"20210713_Cell2_HDF30c3",0.524845538417603,"Compound JLNS"
"1100",50,"20210713_Cell8_HDF30c3",0.361424237441895,"Compound JLNS"
"1101",50,"20210713_Cell10_HDF30c3",NA,"Compound JLNS"
"1102",50,"20210714_Cell3_HDF30c3",NA,"Compound JLNS"
"1103",50,"20210714_Cell9_HDF30c3",2.80905187603598,"Compound JLNS"
"1104",50,"20210714_Cell16_HDF30c3",0.036449386024462,"Compound JLNS"
"1105",50,"20210715_Cell3_HDF30c3",NA,"Compound JLNS"
"1106",50,"20210715_Cell14_HDF30c3",NA,"Compound JLNS"
"1107",50,"20210716_Cell13_HDF30c3",0.742900587577653,"Compound JLNS"
"1108",50,"20210726_Cell4_HDF30c3",NA,"Compound JLNS"
"1109",50,"20210726_Cell11_HDF30c3",NA,"Compound JLNS"
"1110",50,"20210727_Cell7_HDF30c3",0.192221147119412,"Compound JLNS"
"1111",50,"20210727_Cell8_HDF30c3",0.638452662049267,"Compound JLNS"
"1112",50,"20210727_Cell9_HDF30c3",0.150516406547251,"Compound JLNS"
"1113",50,"20210802_Cell4_HDF30c3",0.221947815438023,"Compound JLNS"
"1114",50,"...20",NA,"Compound JLNS"
"1115",60,"20210407_Cell2_HDF30c3",NA,"Compound JLNS"
"1116",60,"20210407_Cell8_HDF30c3",NA,"Compound JLNS"
"1117",60,"20210408_Cell1_HDF30c3",2.21614790070951,"Compound JLNS"
"1118",60,"20210713_Cell2_HDF30c3",0.505746335774518,"Compound JLNS"
"1119",60,"20210713_Cell8_HDF30c3",0.162291783932086,"Compound JLNS"
"1120",60,"20210713_Cell10_HDF30c3",NA,"Compound JLNS"
"1121",60,"20210714_Cell3_HDF30c3",NA,"Compound JLNS"
"1122",60,"20210714_Cell9_HDF30c3",2.55462760987521,"Compound JLNS"
"1123",60,"20210714_Cell16_HDF30c3",0.100575071157153,"Compound JLNS"
"1124",60,"20210715_Cell3_HDF30c3",NA,"Compound JLNS"
"1125",60,"20210715_Cell14_HDF30c3",NA,"Compound JLNS"
"1126",60,"20210716_Cell13_HDF30c3",0.587575830372837,"Compound JLNS"
"1127",60,"20210726_Cell4_HDF30c3",NA,"Compound JLNS"
"1128",60,"20210726_Cell11_HDF30c3",NA,"Compound JLNS"
"1129",60,"20210727_Cell7_HDF30c3",-0.153670078904166,"Compound JLNS"
"1130",60,"20210727_Cell8_HDF30c3",1.09716178411725,"Compound JLNS"
"1131",60,"20210727_Cell9_HDF30c3",-0.57660060786632,"Compound JLNS"
"1132",60,"20210802_Cell4_HDF30c3",0.641669575432702,"Compound JLNS"
"1133",60,"...20",NA,"Compound JLNS"
